76305,230,1,2020-09-05 16:20:00 
81008,1455,4,2020-09-05 16:20:00 
7556,1159,2,2020-09-05 16:20:00 
36492,3727,2,2020-09-05 16:20:00 
11282,4387,5,2020-09-05 16:20:00 
36216,1619,1,2020-09-05 16:20:00 
48203,2691,5,2020-09-05 16:20:00 
7427,2037,3,2020-09-05 16:20:00 
51578,4237,4,2020-09-05 16:20:00 
77899,4089,1,2020-09-05 16:20:00 
31755,3700,5,2020-09-05 16:20:00 
32824,4168,5,2020-09-05 16:20:00 
5211,4001,4,2020-09-05 16:20:00 
66187,2198,4,2020-09-05 16:20:00 
839,1956,2,2020-09-05 16:20:00 
63643,2657,2,2020-09-05 16:20:00 
76537,1299,4,2020-09-05 16:20:00 
67374,157,4,2020-09-05 16:20:00 
4068,257,4,2020-09-05 16:20:00 
2709,2463,2,2020-09-05 16:20:00 
72708,3527,5,2020-09-05 16:20:00 
87513,2909,4,2020-09-05 16:20:00 
41460,574,4,2020-09-05 16:20:00 
35404,2612,4,2020-09-05 16:20:00 
19629,1884,1,2020-09-05 16:20:00 
23923,366,2,2020-09-05 16:20:00 
60958,755,3,2020-09-05 16:20:00 
64735,621,4,2020-09-05 16:20:00 
83962,2328,5,2020-09-05 16:20:00 
63393,1292,4,2020-09-05 16:20:00 
39822,3569,3,2020-09-05 16:20:00 
52698,3188,4,2020-09-05 16:20:00 
11223,598,3,2020-09-05 16:20:00 
40772,3121,4,2020-09-05 16:20:00 
54176,4676,2,2020-09-05 16:20:00 
76819,2649,5,2020-09-05 16:20:00 
16386,3847,5,2020-09-05 16:20:00 
73447,3156,4,2020-09-05 16:20:00 
58811,490,2,2020-09-05 16:20:00 
89532,2585,4,2020-09-05 16:20:00 
54693,122,3,2020-09-05 16:20:00 
81056,2502,4,2020-09-05 16:20:00 
54643,1791,4,2020-09-05 16:20:00 
23369,3181,1,2020-09-05 16:20:00 
15945,1723,2,2020-09-05 16:20:00 
36767,4649,1,2020-09-05 16:20:00 
83338,1903,5,2020-09-05 16:20:00 
53294,1827,3,2020-09-05 16:20:00 
58677,2557,3,2020-09-05 16:20:00 
10473,2084,3,2020-09-05 16:20:00 
21152,3331,2,2020-09-05 16:20:00 
17777,3911,2,2020-09-05 16:20:00 
7788,1729,2,2020-09-05 16:20:00 
20323,3955,5,2020-09-05 16:20:00 
76743,133,4,2020-09-05 16:20:00 
20132,3727,3,2020-09-05 16:20:00 
41753,3066,2,2020-09-05 16:20:00 
80369,1889,5,2020-09-05 16:21:00 
65424,4238,1,2020-09-05 16:21:00 
79853,367,2,2020-09-05 16:21:00 
50578,2576,3,2020-09-05 16:21:00 
45126,79,5,2020-09-05 16:21:00 
63401,4700,4,2020-09-05 16:21:00 
21868,938,5,2020-09-05 16:21:00 
25673,3745,3,2020-09-05 16:21:00 
29745,2178,3,2020-09-05 16:21:00 
8732,2316,3,2020-09-05 16:21:00 
5479,4133,5,2020-09-05 16:21:00 
88407,3573,4,2020-09-05 16:21:00 
71829,1621,4,2020-09-05 16:21:00 
75902,4701,2,2020-09-05 16:21:00 
38559,3861,1,2020-09-05 16:21:00 
76481,1517,5,2020-09-05 16:21:00 
40268,3202,2,2020-09-05 16:21:00 
13759,1337,5,2020-09-05 16:21:00 
6208,136,2,2020-09-05 16:21:00 
81437,3114,4,2020-09-05 16:21:00 
46775,2579,4,2020-09-05 16:21:00 
48960,3625,1,2020-09-05 16:21:00 
39616,3362,3,2020-09-05 16:21:00 
69200,3567,1,2020-09-05 16:21:00 
49994,4622,3,2020-09-05 16:21:00 
9815,4801,3,2020-09-05 16:21:00 
24836,1784,5,2020-09-05 16:21:00 
53474,2708,3,2020-09-05 16:21:00 
24171,1619,5,2020-09-05 16:21:00 
9170,3861,2,2020-09-05 16:21:00 
3049,2011,5,2020-09-05 16:21:00 
61886,1189,5,2020-09-05 16:21:00 
60090,3278,3,2020-09-05 16:21:00 
37332,2768,3,2020-09-05 16:21:00 
82963,4408,3,2020-09-05 16:21:00 
70243,4506,1,2020-09-05 16:21:00 
16497,1342,4,2020-09-05 16:21:00 
76174,2190,3,2020-09-05 16:21:00 
56752,226,5,2020-09-05 16:21:00 
240,1205,3,2020-09-05 16:21:00 
88433,631,4,2020-09-05 16:21:00 
27837,314,1,2020-09-05 16:21:00 
72604,1305,2,2020-09-05 16:21:00 
6162,984,4,2020-09-05 16:21:00 
58145,1889,5,2020-09-05 16:21:00 
86122,4335,3,2020-09-05 16:21:00 
2507,3803,1,2020-09-05 16:21:00 
33713,1229,4,2020-09-05 16:21:00 
78166,4206,3,2020-09-05 16:21:00 
7978,1937,1,2020-09-05 16:21:00 
70536,4850,3,2020-09-05 16:21:00 
2487,4842,3,2020-09-05 16:21:00 
85701,2126,3,2020-09-05 16:21:00 
11017,4946,1,2020-09-05 16:21:00 
2324,1763,5,2020-09-05 16:21:00 
68498,2061,1,2020-09-05 16:21:00 
59617,145,3,2020-09-05 16:21:00 
21645,4433,4,2020-09-05 16:21:00 
27272,4844,3,2020-09-05 16:21:00 
50664,2709,4,2020-09-05 16:21:00 
84880,3262,1,2020-09-05 16:22:00 
14764,4048,5,2020-09-05 16:22:00 
76670,370,1,2020-09-05 16:22:00 
89838,3820,3,2020-09-05 16:22:00 
55496,2289,2,2020-09-05 16:22:00 
17993,113,4,2020-09-05 16:22:00 
85882,510,2,2020-09-05 16:22:00 
8428,1062,2,2020-09-05 16:22:00 
21205,2819,4,2020-09-05 16:22:00 
7565,2731,4,2020-09-05 16:22:00 
54998,1045,3,2020-09-05 16:22:00 
43976,3909,1,2020-09-05 16:22:00 
79350,3984,3,2020-09-05 16:22:00 
37240,2691,5,2020-09-05 16:22:00 
46464,1845,5,2020-09-05 16:22:00 
17587,951,2,2020-09-05 16:22:00 
75079,2221,3,2020-09-05 16:22:00 
43176,3137,2,2020-09-05 16:22:00 
757,3375,4,2020-09-05 16:22:00 
86017,4010,1,2020-09-05 16:22:00 
30851,4635,5,2020-09-05 16:22:00 
49438,2748,1,2020-09-05 16:22:00 
57717,424,2,2020-09-05 16:22:00 
35078,2701,1,2020-09-05 16:22:00 
81136,648,3,2020-09-05 16:22:00 
35149,3573,5,2020-09-05 16:22:00 
77941,1727,1,2020-09-05 16:22:00 
3300,2718,4,2020-09-05 16:22:00 
75274,3143,1,2020-09-05 16:22:00 
41057,57,1,2020-09-05 16:22:00 
48008,4701,3,2020-09-05 16:22:00 
53238,4538,4,2020-09-05 16:22:00 
33807,4621,2,2020-09-05 16:22:00 
86294,3430,4,2020-09-05 16:22:00 
79754,2503,5,2020-09-05 16:22:00 
84329,1002,3,2020-09-05 16:22:00 
79194,4506,1,2020-09-05 16:22:00 
15949,709,1,2020-09-05 16:22:00 
64772,1717,2,2020-09-05 16:22:00 
58197,86,2,2020-09-05 16:22:00 
59602,4455,3,2020-09-05 16:22:00 
50839,2691,5,2020-09-05 16:22:00 
7027,695,1,2020-09-05 16:22:00 
63944,4862,2,2020-09-05 16:22:00 
14373,528,3,2020-09-05 16:22:00 
26657,367,4,2020-09-05 16:22:00 
36285,3318,1,2020-09-05 16:22:00 
16487,2691,3,2020-09-05 16:22:00 
43921,2808,3,2020-09-05 16:22:00 
86592,1304,3,2020-09-05 16:22:00 
63818,3423,3,2020-09-05 16:22:00 
42492,58,1,2020-09-05 16:22:00 
38563,3927,3,2020-09-05 16:22:00 
60895,2583,4,2020-09-05 16:22:00 
82366,353,5,2020-09-05 16:22:00 
45119,3451,5,2020-09-05 16:22:00 
73012,565,1,2020-09-05 16:22:00 
73578,3841,5,2020-09-05 16:22:00 
61871,1665,5,2020-09-05 16:22:00 
32873,4853,3,2020-09-05 16:22:00 
83716,527,5,2020-09-05 16:23:00 
75574,100,3,2020-09-05 16:23:00 
29332,1471,4,2020-09-05 16:23:00 
439,3496,1,2020-09-05 16:23:00 
24926,90,4,2020-09-05 16:23:00 
39264,88,2,2020-09-05 16:23:00 
16839,4033,3,2020-09-05 16:23:00 
31023,2176,5,2020-09-05 16:23:00 
30488,4028,3,2020-09-05 16:23:00 
5945,4157,5,2020-09-05 16:23:00 
12238,993,4,2020-09-05 16:23:00 
68476,4743,2,2020-09-05 16:23:00 
10875,2428,3,2020-09-05 16:23:00 
49822,446,5,2020-09-05 16:23:00 
32918,1292,1,2020-09-05 16:23:00 
59624,4701,3,2020-09-05 16:23:00 
12657,2230,1,2020-09-05 16:23:00 
89175,1240,3,2020-09-05 16:23:00 
63251,1304,4,2020-09-05 16:23:00 
34786,2630,1,2020-09-05 16:23:00 
11617,3832,4,2020-09-05 16:23:00 
17490,1619,3,2020-09-05 16:23:00 
29429,1313,3,2020-09-05 16:23:00 
42080,1594,4,2020-09-05 16:23:00 
31307,3468,5,2020-09-05 16:23:00 
18007,1787,1,2020-09-05 16:23:00 
59099,2838,2,2020-09-05 16:23:00 
21202,4048,3,2020-09-05 16:23:00 
57788,529,4,2020-09-05 16:23:00 
41273,2769,1,2020-09-05 16:23:00 
69299,1377,2,2020-09-05 16:23:00 
16994,4612,4,2020-09-05 16:23:00 
88385,4711,5,2020-09-05 16:23:00 
83368,3945,1,2020-09-05 16:23:00 
43629,2331,1,2020-09-05 16:23:00 
36530,164,2,2020-09-05 16:23:00 
36462,2310,2,2020-09-05 16:23:00 
13379,239,1,2020-09-05 16:23:00 
52526,3803,4,2020-09-05 16:23:00 
12659,2781,3,2020-09-05 16:23:00 
3149,2008,4,2020-09-05 16:23:00 
34099,4706,5,2020-09-05 16:23:00 
67651,2693,5,2020-09-05 16:23:00 
69733,1345,1,2020-09-05 16:23:00 
11094,3121,2,2020-09-05 16:23:00 
87891,3490,1,2020-09-05 16:23:00 
41367,317,4,2020-09-05 16:23:00 
68455,2012,5,2020-09-05 16:23:00 
87644,3461,1,2020-09-05 16:23:00 
78919,2285,5,2020-09-05 16:23:00 
20151,398,4,2020-09-05 16:23:00 
87066,2152,4,2020-09-05 16:23:00 
48897,702,3,2020-09-05 16:23:00 
39416,3964,2,2020-09-05 16:23:00 
27725,2420,1,2020-09-05 16:23:00 
47130,951,5,2020-09-05 16:23:00 
5352,3536,3,2020-09-05 16:23:00 
19155,3334,1,2020-09-05 16:23:00 
85901,3408,4,2020-09-05 16:23:00 
70720,4960,3,2020-09-05 16:23:00 
41429,2683,5,2020-09-05 16:24:00 
59521,4488,1,2020-09-05 16:24:00 
61667,897,4,2020-09-05 16:24:00 
37876,1374,1,2020-09-05 16:24:00 
72740,3443,4,2020-09-05 16:24:00 
41910,1061,3,2020-09-05 16:24:00 
40828,4331,4,2020-09-05 16:24:00 
62814,1617,1,2020-09-05 16:24:00 
77610,1958,5,2020-09-05 16:24:00 
17783,925,2,2020-09-05 16:24:00 
60205,1544,4,2020-09-05 16:24:00 
81053,2044,5,2020-09-05 16:24:00 
3952,2901,5,2020-09-05 16:24:00 
1411,4837,1,2020-09-05 16:24:00 
87344,2933,4,2020-09-05 16:24:00 
53728,3579,2,2020-09-05 16:24:00 
32537,2557,1,2020-09-05 16:24:00 
73197,4348,1,2020-09-05 16:24:00 
2255,3180,2,2020-09-05 16:24:00 
1020,1536,1,2020-09-05 16:24:00 
16614,4161,4,2020-09-05 16:24:00 
1563,2267,4,2020-09-05 16:24:00 
15090,4654,3,2020-09-05 16:24:00 
28314,140,5,2020-09-05 16:24:00 
77179,2718,3,2020-09-05 16:24:00 
63748,2596,3,2020-09-05 16:24:00 
72556,2136,2,2020-09-05 16:24:00 
15914,367,3,2020-09-05 16:24:00 
7633,4021,2,2020-09-05 16:24:00 
59188,3415,5,2020-09-05 16:24:00 
5488,935,3,2020-09-05 16:24:00 
10227,769,4,2020-09-05 16:24:00 
80706,621,4,2020-09-05 16:24:00 
19166,1184,4,2020-09-05 16:24:00 
82871,4634,3,2020-09-05 16:24:00 
23099,1795,4,2020-09-05 16:24:00 
46219,4698,4,2020-09-05 16:24:00 
62399,1088,4,2020-09-05 16:24:00 
63524,4789,4,2020-09-05 16:24:00 
17578,4555,3,2020-09-05 16:24:00 
79656,4418,2,2020-09-05 16:24:00 
14092,125,2,2020-09-05 16:24:00 
85300,4108,5,2020-09-05 16:24:00 
56637,1877,5,2020-09-05 16:24:00 
42722,4320,5,2020-09-05 16:24:00 
75237,4346,3,2020-09-05 16:24:00 
11751,4182,4,2020-09-05 16:24:00 
44078,3799,1,2020-09-05 16:24:00 
18389,1164,2,2020-09-05 16:24:00 
25899,3101,2,2020-09-05 16:24:00 
64015,1882,4,2020-09-05 16:24:00 
10497,57,2,2020-09-05 16:24:00 
65827,4688,2,2020-09-05 16:24:00 
87522,2084,5,2020-09-05 16:24:00 
11434,1760,2,2020-09-05 16:24:00 
4865,1047,5,2020-09-05 16:24:00 
37861,205,1,2020-09-05 16:24:00 
1990,1782,2,2020-09-05 16:24:00 
76307,3238,4,2020-09-05 16:24:00 
34533,1952,5,2020-09-05 16:24:00 
76643,1585,5,2020-09-05 16:25:00 
85198,4660,4,2020-09-05 16:25:00 
37386,2356,2,2020-09-05 16:25:00 
11967,322,4,2020-09-05 16:25:00 
20725,3004,3,2020-09-05 16:25:00 
81146,653,1,2020-09-05 16:25:00 
74294,4121,5,2020-09-05 16:25:00 
82510,2015,3,2020-09-05 16:25:00 
12586,3550,1,2020-09-05 16:25:00 
74309,1118,2,2020-09-05 16:25:00 
84068,3137,1,2020-09-05 16:25:00 
87094,4743,2,2020-09-05 16:25:00 
56074,357,4,2020-09-05 16:25:00 
52372,1453,2,2020-09-05 16:25:00 
58001,556,3,2020-09-05 16:25:00 
48895,1235,4,2020-09-05 16:25:00 
30551,2909,2,2020-09-05 16:25:00 
7970,3873,3,2020-09-05 16:25:00 
29550,2516,1,2020-09-05 16:25:00 
51687,624,5,2020-09-05 16:25:00 
12004,690,5,2020-09-05 16:25:00 
11678,2690,4,2020-09-05 16:25:00 
43729,4787,4,2020-09-05 16:25:00 
69029,4853,1,2020-09-05 16:25:00 
12113,1233,1,2020-09-05 16:25:00 
31435,174,4,2020-09-05 16:25:00 
25282,1496,1,2020-09-05 16:25:00 
63885,2314,2,2020-09-05 16:25:00 
8632,140,3,2020-09-05 16:25:00 
84332,643,1,2020-09-05 16:25:00 
1756,239,3,2020-09-05 16:25:00 
74280,643,5,2020-09-05 16:25:00 
10278,110,1,2020-09-05 16:25:00 
38264,4458,5,2020-09-05 16:25:00 
47631,140,2,2020-09-05 16:25:00 
82929,2292,5,2020-09-05 16:25:00 
6701,4658,5,2020-09-05 16:25:00 
21595,2984,3,2020-09-05 16:25:00 
39428,2012,2,2020-09-05 16:25:00 
78366,3490,2,2020-09-05 16:25:00 
4839,3327,5,2020-09-05 16:25:00 
42884,720,5,2020-09-05 16:25:00 
3903,4232,2,2020-09-05 16:25:00 
52186,469,2,2020-09-05 16:25:00 
23848,2176,3,2020-09-05 16:25:00 
24643,1419,3,2020-09-05 16:25:00 
55786,4594,4,2020-09-05 16:25:00 
39024,1861,2,2020-09-05 16:25:00 
50553,546,2,2020-09-05 16:25:00 
29477,2432,2,2020-09-05 16:25:00 
85502,215,3,2020-09-05 16:25:00 
76608,4418,3,2020-09-05 16:25:00 
62433,1088,1,2020-09-05 16:25:00 
5931,738,3,2020-09-05 16:25:00 
28253,546,2,2020-09-05 16:25:00 
15182,4801,5,2020-09-05 16:25:00 
81281,4338,3,2020-09-05 16:25:00 
17205,727,4,2020-09-05 16:25:00 
37269,410,4,2020-09-05 16:25:00 
3090,88,4,2020-09-05 16:25:00 
23732,3627,4,2020-09-05 16:26:00 
14812,1678,2,2020-09-05 16:26:00 
46177,741,3,2020-09-05 16:26:00 
72988,1335,5,2020-09-05 16:26:00 
34465,3300,4,2020-09-05 16:26:00 
202,994,4,2020-09-05 16:26:00 
73961,4728,4,2020-09-05 16:26:00 
81050,3278,5,2020-09-05 16:26:00 
61193,314,2,2020-09-05 16:26:00 
23592,1047,1,2020-09-05 16:26:00 
26732,3817,5,2020-09-05 16:26:00 
54180,1536,2,2020-09-05 16:26:00 
77407,3797,4,2020-09-05 16:26:00 
38447,3807,3,2020-09-05 16:26:00 
27203,3349,5,2020-09-05 16:26:00 
18791,3797,1,2020-09-05 16:26:00 
33492,398,1,2020-09-05 16:26:00 
48209,2095,5,2020-09-05 16:26:00 
42932,1544,1,2020-09-05 16:26:00 
62320,3343,4,2020-09-05 16:26:00 
89180,2369,2,2020-09-05 16:26:00 
89310,2430,1,2020-09-05 16:26:00 
56819,4561,2,2020-09-05 16:26:00 
10129,808,4,2020-09-05 16:26:00 
35222,3861,2,2020-09-05 16:26:00 
46940,4432,1,2020-09-05 16:26:00 
1111,4712,2,2020-09-05 16:26:00 
981,3797,1,2020-09-05 16:26:00 
30023,4621,3,2020-09-05 16:26:00 
59395,3386,3,2020-09-05 16:26:00 
45070,4963,5,2020-09-05 16:26:00 
16981,2576,5,2020-09-05 16:26:00 
22381,1250,4,2020-09-05 16:26:00 
19925,3401,5,2020-09-05 16:26:00 
32505,325,3,2020-09-05 16:26:00 
16385,558,5,2020-09-05 16:26:00 
61886,3101,3,2020-09-05 16:26:00 
23259,434,2,2020-09-05 16:26:00 
8284,4661,5,2020-09-05 16:26:00 
42430,1256,1,2020-09-05 16:26:00 
80484,3868,5,2020-09-05 16:26:00 
84143,4885,1,2020-09-05 16:26:00 
83483,3200,1,2020-09-05 16:26:00 
89515,3770,3,2020-09-05 16:26:00 
75424,4409,2,2020-09-05 16:26:00 
88754,2601,5,2020-09-05 16:26:00 
35300,3946,5,2020-09-05 16:26:00 
22044,1424,4,2020-09-05 16:26:00 
33165,3278,3,2020-09-05 16:26:00 
53150,3401,4,2020-09-05 16:26:00 
37165,4825,2,2020-09-05 16:26:00 
36098,1002,5,2020-09-05 16:26:00 
59259,3945,2,2020-09-05 16:26:00 
9498,4177,1,2020-09-05 16:26:00 
25455,4028,3,2020-09-05 16:26:00 
48151,438,1,2020-09-05 16:26:00 
16310,58,2,2020-09-05 16:26:00 
65336,1951,1,2020-09-05 16:26:00 
44946,738,1,2020-09-05 16:26:00 
39874,4756,4,2020-09-05 16:26:00 
69242,2730,1,2020-09-05 16:27:00 
38855,2705,2,2020-09-05 16:27:00 
1055,1328,2,2020-09-05 16:27:00 
49052,690,2,2020-09-05 16:27:00 
73909,3791,4,2020-09-05 16:27:00 
14797,350,5,2020-09-05 16:27:00 
13240,3913,3,2020-09-05 16:27:00 
76630,4430,4,2020-09-05 16:27:00 
37603,3065,4,2020-09-05 16:27:00 
81094,2446,3,2020-09-05 16:27:00 
41245,1795,5,2020-09-05 16:27:00 
56579,3993,5,2020-09-05 16:27:00 
72826,3338,2,2020-09-05 16:27:00 
6622,905,3,2020-09-05 16:27:00 
57458,2007,3,2020-09-05 16:27:00 
21271,3612,2,2020-09-05 16:27:00 
7903,719,4,2020-09-05 16:27:00 
47749,1889,1,2020-09-05 16:27:00 
86673,4921,3,2020-09-05 16:27:00 
46059,4711,1,2020-09-05 16:27:00 
2954,4168,4,2020-09-05 16:27:00 
7534,897,5,2020-09-05 16:27:00 
72911,1136,2,2020-09-05 16:27:00 
21677,3396,5,2020-09-05 16:27:00 
10217,657,4,2020-09-05 16:27:00 
60924,2072,2,2020-09-05 16:27:00 
58093,4797,1,2020-09-05 16:27:00 
29727,4722,3,2020-09-05 16:27:00 
48580,4407,4,2020-09-05 16:27:00 
20349,1143,2,2020-09-05 16:27:00 
83395,212,2,2020-09-05 16:27:00 
73663,3036,1,2020-09-05 16:27:00 
73646,748,5,2020-09-05 16:27:00 
74914,358,2,2020-09-05 16:27:00 
6077,3973,1,2020-09-05 16:27:00 
71960,321,1,2020-09-05 16:27:00 
3847,1040,2,2020-09-05 16:27:00 
89640,3546,3,2020-09-05 16:27:00 
59201,2237,3,2020-09-05 16:27:00 
58890,2309,2,2020-09-05 16:27:00 
26346,451,3,2020-09-05 16:27:00 
52177,2691,5,2020-09-05 16:27:00 
70611,328,1,2020-09-05 16:27:00 
26827,3953,4,2020-09-05 16:27:00 
82024,4884,1,2020-09-05 16:27:00 
6257,3957,3,2020-09-05 16:27:00 
62809,635,4,2020-09-05 16:27:00 
23326,3273,4,2020-09-05 16:27:00 
65749,4398,3,2020-09-05 16:27:00 
66526,594,1,2020-09-05 16:27:00 
72399,1876,3,2020-09-05 16:27:00 
71222,1008,4,2020-09-05 16:27:00 
17759,1073,4,2020-09-05 16:27:00 
47815,2334,3,2020-09-05 16:27:00 
22654,3946,4,2020-09-05 16:27:00 
63441,326,3,2020-09-05 16:27:00 
16591,1048,2,2020-09-05 16:27:00 
83343,80,3,2020-09-05 16:27:00 
63255,680,1,2020-09-05 16:27:00 
62094,2443,4,2020-09-05 16:27:00 
76319,4216,5,2020-09-05 16:28:00 
76280,4544,5,2020-09-05 16:28:00 
38586,4660,1,2020-09-05 16:28:00 
44756,3537,5,2020-09-05 16:28:00 
18335,3101,3,2020-09-05 16:28:00 
49413,786,3,2020-09-05 16:28:00 
57675,4781,4,2020-09-05 16:28:00 
44956,3770,1,2020-09-05 16:28:00 
74923,3697,2,2020-09-05 16:28:00 
4243,2075,1,2020-09-05 16:28:00 
40582,1313,3,2020-09-05 16:28:00 
64929,700,1,2020-09-05 16:28:00 
51888,3143,2,2020-09-05 16:28:00 
74452,2428,4,2020-09-05 16:28:00 
4767,147,3,2020-09-05 16:28:00 
6025,2279,2,2020-09-05 16:28:00 
53840,2863,4,2020-09-05 16:28:00 
69067,1619,3,2020-09-05 16:28:00 
61098,4512,2,2020-09-05 16:28:00 
20686,1223,2,2020-09-05 16:28:00 
34328,1921,3,2020-09-05 16:28:00 
78350,4701,4,2020-09-05 16:28:00 
28623,2740,4,2020-09-05 16:28:00 
76999,1321,4,2020-09-05 16:28:00 
1171,4340,5,2020-09-05 16:28:00 
83311,936,4,2020-09-05 16:28:00 
89435,4682,3,2020-09-05 16:28:00 
77629,2505,4,2020-09-05 16:28:00 
79916,4407,1,2020-09-05 16:28:00 
65052,143,4,2020-09-05 16:28:00 
87170,2365,5,2020-09-05 16:28:00 
54482,3674,3,2020-09-05 16:28:00 
38082,1527,3,2020-09-05 16:28:00 
54682,3189,2,2020-09-05 16:28:00 
43018,3089,1,2020-09-05 16:28:00 
19761,4278,5,2020-09-05 16:28:00 
68512,3234,4,2020-09-05 16:28:00 
68373,805,3,2020-09-05 16:28:00 
41031,2493,1,2020-09-05 16:28:00 
30192,2317,3,2020-09-05 16:28:00 
83824,1717,1,2020-09-05 16:28:00 
32407,2596,2,2020-09-05 16:28:00 
63613,3537,4,2020-09-05 16:28:00 
6366,264,4,2020-09-05 16:28:00 
64935,2732,4,2020-09-05 16:28:00 
74259,4200,4,2020-09-05 16:28:00 
31176,197,2,2020-09-05 16:28:00 
84321,4259,5,2020-09-05 16:28:00 
49139,3825,4,2020-09-05 16:28:00 
38606,4177,2,2020-09-05 16:28:00 
81887,1888,5,2020-09-05 16:28:00 
8488,2997,1,2020-09-05 16:28:00 
24557,2731,4,2020-09-05 16:28:00 
34181,1350,3,2020-09-05 16:28:00 
83308,2037,2,2020-09-05 16:28:00 
24985,4263,2,2020-09-05 16:28:00 
68386,140,1,2020-09-05 16:28:00 
53924,716,3,2020-09-05 16:28:00 
15370,3459,5,2020-09-05 16:28:00 
18506,2051,2,2020-09-05 16:28:00 
74378,3964,5,2020-09-05 16:29:00 
40441,3990,2,2020-09-05 16:29:00 
33879,3326,5,2020-09-05 16:29:00 
68284,1510,3,2020-09-05 16:29:00 
1845,1344,3,2020-09-05 16:29:00 
76702,1530,5,2020-09-05 16:29:00 
65905,1665,5,2020-09-05 16:29:00 
49280,3589,5,2020-09-05 16:29:00 
69546,449,1,2020-09-05 16:29:00 
58834,3770,1,2020-09-05 16:29:00 
64772,351,3,2020-09-05 16:29:00 
63820,107,5,2020-09-05 16:29:00 
80173,1626,5,2020-09-05 16:29:00 
88944,3401,4,2020-09-05 16:29:00 
53253,2768,5,2020-09-05 16:29:00 
53900,1332,1,2020-09-05 16:29:00 
89495,3037,2,2020-09-05 16:29:00 
72014,2451,3,2020-09-05 16:29:00 
30000,2189,1,2020-09-05 16:29:00 
49047,1123,4,2020-09-05 16:29:00 
71319,3071,2,2020-09-05 16:29:00 
67634,4688,3,2020-09-05 16:29:00 
34983,4820,4,2020-09-05 16:29:00 
82739,3391,3,2020-09-05 16:29:00 
11217,2448,1,2020-09-05 16:29:00 
22248,2799,3,2020-09-05 16:29:00 
18543,4530,1,2020-09-05 16:29:00 
6078,4533,3,2020-09-05 16:29:00 
22257,3278,2,2020-09-05 16:29:00 
44222,3519,5,2020-09-05 16:29:00 
55276,2873,2,2020-09-05 16:29:00 
63798,938,4,2020-09-05 16:29:00 
29549,4544,2,2020-09-05 16:29:00 
27643,4075,2,2020-09-05 16:29:00 
66103,353,1,2020-09-05 16:29:00 
68627,4224,1,2020-09-05 16:29:00 
60433,4446,2,2020-09-05 16:29:00 
77850,4009,4,2020-09-05 16:29:00 
48519,2328,2,2020-09-05 16:29:00 
40804,2242,4,2020-09-05 16:29:00 
8717,1186,2,2020-09-05 16:29:00 
70232,2684,5,2020-09-05 16:29:00 
51920,3570,1,2020-09-05 16:29:00 
33355,465,2,2020-09-05 16:29:00 
83208,4987,5,2020-09-05 16:29:00 
8153,3174,1,2020-09-05 16:29:00 
67005,4781,5,2020-09-05 16:29:00 
57903,1517,2,2020-09-05 16:29:00 
43544,58,4,2020-09-05 16:29:00 
7266,3507,1,2020-09-05 16:29:00 
7771,3181,3,2020-09-05 16:29:00 
55170,3045,1,2020-09-05 16:29:00 
8859,4871,5,2020-09-05 16:29:00 
13718,3749,3,2020-09-05 16:29:00 
76550,534,4,2020-09-05 16:29:00 
73286,1010,2,2020-09-05 16:29:00 
8712,709,4,2020-09-05 16:29:00 
77293,3282,3,2020-09-05 16:29:00 
51621,2250,1,2020-09-05 16:29:00 
59292,2428,1,2020-09-05 16:29:00 
21561,1585,1,2020-09-05 16:30:00 
85054,858,4,2020-09-05 16:30:00 
48985,3238,3,2020-09-05 16:30:00 
80698,4189,4,2020-09-05 16:30:00 
22982,2125,2,2020-09-05 16:30:00 
82946,2254,1,2020-09-05 16:30:00 
16998,4298,3,2020-09-05 16:30:00 
43179,2445,1,2020-09-05 16:30:00 
82800,787,5,2020-09-05 16:30:00 
69229,4729,3,2020-09-05 16:30:00 
46832,1794,2,2020-09-05 16:30:00 
33997,4771,2,2020-09-05 16:30:00 
31572,546,1,2020-09-05 16:30:00 
71045,922,4,2020-09-05 16:30:00 
22376,2474,3,2020-09-05 16:30:00 
84194,202,2,2020-09-05 16:30:00 
43652,4973,4,2020-09-05 16:30:00 
48975,4820,1,2020-09-05 16:30:00 
9264,1429,2,2020-09-05 16:30:00 
87470,1882,4,2020-09-05 16:30:00 
87684,1760,2,2020-09-05 16:30:00 
35013,4383,3,2020-09-05 16:30:00 
4146,655,3,2020-09-05 16:30:00 
81451,4182,5,2020-09-05 16:30:00 
60642,4079,2,2020-09-05 16:30:00 
44738,2759,1,2020-09-05 16:30:00 
66321,1062,4,2020-09-05 16:30:00 
28157,4182,5,2020-09-05 16:30:00 
41341,3311,1,2020-09-05 16:30:00 
15630,3210,5,2020-09-05 16:30:00 
6707,1276,5,2020-09-05 16:30:00 
25427,2864,3,2020-09-05 16:30:00 
11107,1336,5,2020-09-05 16:30:00 
24484,1629,1,2020-09-05 16:30:00 
35372,321,5,2020-09-05 16:30:00 
10031,2571,1,2020-09-05 16:30:00 
18298,584,5,2020-09-05 16:30:00 
49,3158,1,2020-09-05 16:30:00 
35825,1243,5,2020-09-05 16:30:00 
409,88,1,2020-09-05 16:30:00 
62418,4649,2,2020-09-05 16:30:00 
64970,460,4,2020-09-05 16:30:00 
81278,2730,2,2020-09-05 16:30:00 
3380,1235,5,2020-09-05 16:30:00 
73347,3649,3,2020-09-05 16:30:00 
19642,3828,3,2020-09-05 16:30:00 
3444,759,4,2020-09-05 16:30:00 
59368,3335,4,2020-09-05 16:30:00 
37974,4974,3,2020-09-05 16:30:00 
24136,1569,5,2020-09-05 16:30:00 
54816,1489,5,2020-09-05 16:30:00 
18136,2072,5,2020-09-05 16:30:00 
3309,4458,4,2020-09-05 16:30:00 
33298,3349,2,2020-09-05 16:30:00 
74681,4909,4,2020-09-05 16:30:00 
36602,4273,5,2020-09-05 16:30:00 
33448,2328,5,2020-09-05 16:30:00 
8180,2448,3,2020-09-05 16:30:00 
38549,1646,3,2020-09-05 16:30:00 
2037,213,3,2020-09-05 16:30:00 
4570,2799,5,2020-09-05 16:31:00 
48220,2317,5,2020-09-05 16:31:00 
37173,2718,2,2020-09-05 16:31:00 
82504,3102,1,2020-09-05 16:31:00 
85817,667,3,2020-09-05 16:31:00 
63838,2056,4,2020-09-05 16:31:00 
58957,868,1,2020-09-05 16:31:00 
38229,4259,1,2020-09-05 16:31:00 
3469,4350,1,2020-09-05 16:31:00 
34614,4787,1,2020-09-05 16:31:00 
81623,140,1,2020-09-05 16:31:00 
13142,1396,3,2020-09-05 16:31:00 
54324,572,1,2020-09-05 16:31:00 
84647,4297,2,2020-09-05 16:31:00 
67252,4394,3,2020-09-05 16:31:00 
20509,490,1,2020-09-05 16:31:00 
45050,4850,4,2020-09-05 16:31:00 
13685,1143,4,2020-09-05 16:31:00 
35959,882,3,2020-09-05 16:31:00 
13768,1513,4,2020-09-05 16:31:00 
57242,1666,2,2020-09-05 16:31:00 
14307,3329,3,2020-09-05 16:31:00 
27132,3527,5,2020-09-05 16:31:00 
40634,1611,3,2020-09-05 16:31:00 
67080,1336,3,2020-09-05 16:31:00 
28717,4270,4,2020-09-05 16:31:00 
4212,3096,2,2020-09-05 16:31:00 
57986,2838,1,2020-09-05 16:31:00 
84270,1646,3,2020-09-05 16:31:00 
84101,1374,5,2020-09-05 16:31:00 
41420,4698,3,2020-09-05 16:31:00 
62556,2560,2,2020-09-05 16:31:00 
16530,280,3,2020-09-05 16:31:00 
49352,3344,4,2020-09-05 16:31:00 
12645,3054,2,2020-09-05 16:31:00 
6402,646,2,2020-09-05 16:31:00 
81540,4639,4,2020-09-05 16:31:00 
51862,2842,5,2020-09-05 16:31:00 
27988,484,3,2020-09-05 16:31:00 
17479,626,5,2020-09-05 16:31:00 
22204,3776,4,2020-09-05 16:31:00 
55433,4446,2,2020-09-05 16:31:00 
68136,3101,3,2020-09-05 16:31:00 
51989,4037,1,2020-09-05 16:31:00 
33713,2818,3,2020-09-05 16:31:00 
4500,4141,5,2020-09-05 16:31:00 
16280,2553,1,2020-09-05 16:31:00 
58152,3931,3,2020-09-05 16:31:00 
85223,4533,4,2020-09-05 16:31:00 
75490,3386,1,2020-09-05 16:31:00 
67716,4825,4,2020-09-05 16:31:00 
74955,3325,2,2020-09-05 16:31:00 
5945,1506,3,2020-09-05 16:31:00 
28232,3366,4,2020-09-05 16:31:00 
64565,146,3,2020-09-05 16:31:00 
58409,911,1,2020-09-05 16:31:00 
61503,3391,4,2020-09-05 16:31:00 
81495,81,2,2020-09-05 16:31:00 
46775,2061,2,2020-09-05 16:31:00 
31680,2641,3,2020-09-05 16:31:00 
25272,4307,5,2020-09-05 16:32:00 
50603,927,1,2020-09-05 16:32:00 
89385,4414,4,2020-09-05 16:32:00 
23001,3158,3,2020-09-05 16:32:00 
56562,3947,1,2020-09-05 16:32:00 
68199,3570,2,2020-09-05 16:32:00 
85923,4133,5,2020-09-05 16:32:00 
8810,2709,1,2020-09-05 16:32:00 
88003,4262,5,2020-09-05 16:32:00 
77207,2943,4,2020-09-05 16:32:00 
64682,3653,5,2020-09-05 16:32:00 
55903,4982,5,2020-09-05 16:32:00 
4699,87,1,2020-09-05 16:32:00 
12600,1492,3,2020-09-05 16:32:00 
45238,721,2,2020-09-05 16:32:00 
62086,3046,5,2020-09-05 16:32:00 
26981,393,4,2020-09-05 16:32:00 
76054,653,2,2020-09-05 16:32:00 
65698,3802,1,2020-09-05 16:32:00 
79276,3802,2,2020-09-05 16:32:00 
16944,3761,4,2020-09-05 16:32:00 
54138,2237,4,2020-09-05 16:32:00 
68772,961,5,2020-09-05 16:32:00 
6362,2011,2,2020-09-05 16:32:00 
73389,4885,2,2020-09-05 16:32:00 
25392,1830,4,2020-09-05 16:32:00 
48626,4214,1,2020-09-05 16:32:00 
53842,4748,2,2020-09-05 16:32:00 
34050,4661,4,2020-09-05 16:32:00 
2647,4789,3,2020-09-05 16:32:00 
2225,2173,4,2020-09-05 16:32:00 
70721,2125,2,2020-09-05 16:32:00 
726,927,1,2020-09-05 16:32:00 
48807,3791,3,2020-09-05 16:32:00 
76356,1645,4,2020-09-05 16:32:00 
48427,984,5,2020-09-05 16:32:00 
197,2909,2,2020-09-05 16:32:00 
13677,2228,3,2020-09-05 16:32:00 
60573,2943,3,2020-09-05 16:32:00 
17576,1490,2,2020-09-05 16:32:00 
20980,2033,3,2020-09-05 16:32:00 
19795,176,4,2020-09-05 16:32:00 
3807,1235,2,2020-09-05 16:32:00 
65134,3090,1,2020-09-05 16:32:00 
84356,180,3,2020-09-05 16:32:00 
34691,2283,5,2020-09-05 16:32:00 
72508,1332,1,2020-09-05 16:32:00 
1146,2310,5,2020-09-05 16:32:00 
34509,3377,3,2020-09-05 16:32:00 
71144,4745,1,2020-09-05 16:32:00 
5933,879,1,2020-09-05 16:32:00 
5976,243,2,2020-09-05 16:32:00 
67557,1666,3,2020-09-05 16:32:00 
19383,2693,1,2020-09-05 16:32:00 
81712,2748,2,2020-09-05 16:32:00 
86304,4093,5,2020-09-05 16:32:00 
10260,3823,4,2020-09-05 16:32:00 
45710,1751,3,2020-09-05 16:32:00 
73979,3089,2,2020-09-05 16:32:00 
81131,1877,3,2020-09-05 16:32:00 
67585,310,5,2020-09-05 16:33:00 
17906,1388,4,2020-09-05 16:33:00 
12312,4740,3,2020-09-05 16:33:00 
83162,211,1,2020-09-05 16:33:00 
77083,1932,3,2020-09-05 16:33:00 
74017,4874,4,2020-09-05 16:33:00 
44464,2616,2,2020-09-05 16:33:00 
63658,3375,3,2020-09-05 16:33:00 
47474,3461,1,2020-09-05 16:33:00 
73330,1039,1,2020-09-05 16:33:00 
26716,2459,2,2020-09-05 16:33:00 
27729,4779,5,2020-09-05 16:33:00 
42873,720,3,2020-09-05 16:33:00 
8472,4348,2,2020-09-05 16:33:00 
7041,2625,2,2020-09-05 16:33:00 
2983,4771,1,2020-09-05 16:33:00 
20574,3381,1,2020-09-05 16:33:00 
60948,3580,4,2020-09-05 16:33:00 
64066,1536,4,2020-09-05 16:33:00 
74498,4250,1,2020-09-05 16:33:00 
72264,895,5,2020-09-05 16:33:00 
79023,1164,3,2020-09-05 16:33:00 
6513,797,3,2020-09-05 16:33:00 
13439,4337,1,2020-09-05 16:33:00 
22991,1448,1,2020-09-05 16:33:00 
6196,1311,5,2020-09-05 16:33:00 
44221,2279,5,2020-09-05 16:33:00 
12996,4898,2,2020-09-05 16:33:00 
61152,3828,2,2020-09-05 16:33:00 
4334,1230,3,2020-09-05 16:33:00 
55393,1363,1,2020-09-05 16:33:00 
42552,3947,4,2020-09-05 16:33:00 
47749,2805,5,2020-09-05 16:33:00 
76910,3997,1,2020-09-05 16:33:00 
88204,398,5,2020-09-05 16:33:00 
76154,488,1,2020-09-05 16:33:00 
80191,2316,3,2020-09-05 16:33:00 
3851,3181,2,2020-09-05 16:33:00 
82870,1454,2,2020-09-05 16:33:00 
36375,2601,5,2020-09-05 16:33:00 
43891,4844,3,2020-09-05 16:33:00 
55306,3570,5,2020-09-05 16:33:00 
69732,334,1,2020-09-05 16:33:00 
65230,1544,1,2020-09-05 16:33:00 
46962,3841,5,2020-09-05 16:33:00 
4303,2159,5,2020-09-05 16:33:00 
19523,2446,4,2020-09-05 16:33:00 
75379,925,3,2020-09-05 16:33:00 
39628,4728,5,2020-09-05 16:33:00 
32103,3095,5,2020-09-05 16:33:00 
32735,3758,1,2020-09-05 16:33:00 
71470,57,4,2020-09-05 16:33:00 
54793,4842,1,2020-09-05 16:33:00 
18259,2821,5,2020-09-05 16:33:00 
84321,4912,5,2020-09-05 16:33:00 
5065,994,1,2020-09-05 16:33:00 
54470,2159,4,2020-09-05 16:33:00 
11776,4770,3,2020-09-05 16:33:00 
40587,3824,1,2020-09-05 16:33:00 
8913,4690,2,2020-09-05 16:33:00 
6178,4240,4,2020-09-05 16:34:00 
60333,4827,3,2020-09-05 16:34:00 
59003,2037,3,2020-09-05 16:34:00 
33295,1513,5,2020-09-05 16:34:00 
26201,3343,5,2020-09-05 16:34:00 
80508,239,1,2020-09-05 16:34:00 
30576,2940,2,2020-09-05 16:34:00 
89483,1077,5,2020-09-05 16:34:00 
12791,4028,5,2020-09-05 16:34:00 
2869,598,1,2020-09-05 16:34:00 
42967,296,1,2020-09-05 16:34:00 
1984,2869,4,2020-09-05 16:34:00 
6606,1048,5,2020-09-05 16:34:00 
70050,4538,4,2020-09-05 16:34:00 
48142,3863,5,2020-09-05 16:34:00 
11474,2445,2,2020-09-05 16:34:00 
9239,2292,1,2020-09-05 16:34:00 
42425,2077,2,2020-09-05 16:34:00 
57343,2657,1,2020-09-05 16:34:00 
34730,1492,2,2020-09-05 16:34:00 
79684,2828,4,2020-09-05 16:34:00 
51205,1290,1,2020-09-05 16:34:00 
617,4711,1,2020-09-05 16:34:00 
72533,2997,3,2020-09-05 16:34:00 
17176,4270,4,2020-09-05 16:34:00 
57905,1866,3,2020-09-05 16:34:00 
65027,3377,5,2020-09-05 16:34:00 
52282,3189,5,2020-09-05 16:34:00 
87769,81,1,2020-09-05 16:34:00 
7112,562,1,2020-09-05 16:34:00 
81617,3065,1,2020-09-05 16:34:00 
55378,1078,5,2020-09-05 16:34:00 
26821,490,4,2020-09-05 16:34:00 
85874,3719,2,2020-09-05 16:34:00 
77995,4068,1,2020-09-05 16:34:00 
89553,4787,2,2020-09-05 16:34:00 
59457,4756,5,2020-09-05 16:34:00 
74059,3975,2,2020-09-05 16:34:00 
7604,2250,5,2020-09-05 16:34:00 
48089,1952,4,2020-09-05 16:34:00 
45872,651,3,2020-09-05 16:34:00 
74905,3924,2,2020-09-05 16:34:00 
19520,4394,5,2020-09-05 16:34:00 
10436,4058,2,2020-09-05 16:34:00 
46270,889,5,2020-09-05 16:34:00 
24600,2768,1,2020-09-05 16:34:00 
83696,1293,3,2020-09-05 16:34:00 
32661,1136,3,2020-09-05 16:34:00 
24979,3437,2,2020-09-05 16:34:00 
82804,258,4,2020-09-05 16:34:00 
62867,4392,3,2020-09-05 16:34:00 
32565,2824,2,2020-09-05 16:34:00 
14319,4660,1,2020-09-05 16:34:00 
59793,1008,3,2020-09-05 16:34:00 
79569,565,2,2020-09-05 16:34:00 
79615,4567,4,2020-09-05 16:34:00 
59871,1735,5,2020-09-05 16:34:00 
51731,3151,1,2020-09-05 16:34:00 
36836,3334,4,2020-09-05 16:34:00 
82997,3719,2,2020-09-05 16:34:00 
62809,2982,3,2020-09-05 16:35:00 
30394,1201,5,2020-09-05 16:35:00 
68052,4987,3,2020-09-05 16:35:00 
14892,2394,2,2020-09-05 16:35:00 
51823,694,4,2020-09-05 16:35:00 
20739,3430,1,2020-09-05 16:35:00 
27655,4484,5,2020-09-05 16:35:00 
78468,3349,4,2020-09-05 16:35:00 
73695,3647,2,2020-09-05 16:35:00 
13209,366,5,2020-09-05 16:35:00 
47941,720,1,2020-09-05 16:35:00 
25975,4885,4,2020-09-05 16:35:00 
34876,2283,1,2020-09-05 16:35:00 
68687,2365,2,2020-09-05 16:35:00 
31590,1132,5,2020-09-05 16:35:00 
76760,1854,1,2020-09-05 16:35:00 
39824,4844,3,2020-09-05 16:35:00 
37903,650,5,2020-09-05 16:35:00 
57950,1789,5,2020-09-05 16:35:00 
72398,4238,2,2020-09-05 16:35:00 
13068,1465,2,2020-09-05 16:35:00 
45281,2985,3,2020-09-05 16:35:00 
33144,1666,4,2020-09-05 16:35:00 
13118,4214,1,2020-09-05 16:35:00 
22999,4189,4,2020-09-05 16:35:00 
15413,1735,1,2020-09-05 16:35:00 
12541,4620,3,2020-09-05 16:35:00 
79938,227,5,2020-09-05 16:35:00 
28441,3965,1,2020-09-05 16:35:00 
57671,255,5,2020-09-05 16:35:00 
72714,237,2,2020-09-05 16:35:00 
35223,1002,1,2020-09-05 16:35:00 
74245,2988,1,2020-09-05 16:35:00 
77692,4340,3,2020-09-05 16:35:00 
3630,1330,5,2020-09-05 16:35:00 
30748,3381,4,2020-09-05 16:35:00 
88113,3009,2,2020-09-05 16:35:00 
72072,4488,2,2020-09-05 16:35:00 
25524,2544,3,2020-09-05 16:35:00 
44012,3413,3,2020-09-05 16:35:00 
88417,3089,5,2020-09-05 16:35:00 
81780,4701,1,2020-09-05 16:35:00 
68160,146,5,2020-09-05 16:35:00 
23369,1787,5,2020-09-05 16:35:00 
76431,2242,2,2020-09-05 16:35:00 
66490,2763,5,2020-09-05 16:35:00 
71422,2174,5,2020-09-05 16:35:00 
53367,1343,1,2020-09-05 16:35:00 
40055,1876,3,2020-09-05 16:35:00 
50571,4567,1,2020-09-05 16:35:00 
69756,1113,4,2020-09-05 16:35:00 
21096,794,5,2020-09-05 16:35:00 
12935,432,5,2020-09-05 16:35:00 
45232,1047,5,2020-09-05 16:35:00 
75994,98,4,2020-09-05 16:35:00 
16982,2061,1,2020-09-05 16:35:00 
18377,257,1,2020-09-05 16:35:00 
30754,4894,3,2020-09-05 16:35:00 
5860,350,3,2020-09-05 16:35:00 
8011,1617,1,2020-09-05 16:35:00 
48021,3457,1,2020-09-05 16:36:00 
16850,1340,1,2020-09-05 16:36:00 
20666,4365,5,2020-09-05 16:36:00 
51136,1982,4,2020-09-05 16:36:00 
4377,138,2,2020-09-05 16:36:00 
249,1343,4,2020-09-05 16:36:00 
59467,1814,1,2020-09-05 16:36:00 
30940,1292,2,2020-09-05 16:36:00 
48228,1390,4,2020-09-05 16:36:00 
4437,2799,4,2020-09-05 16:36:00 
84686,742,2,2020-09-05 16:36:00 
44546,1047,2,2020-09-05 16:36:00 
20208,4715,3,2020-09-05 16:36:00 
61522,191,2,2020-09-05 16:36:00 
1633,2530,1,2020-09-05 16:36:00 
68397,1424,2,2020-09-05 16:36:00 
11995,2733,2,2020-09-05 16:36:00 
27181,938,1,2020-09-05 16:36:00 
45555,572,5,2020-09-05 16:36:00 
65500,4885,1,2020-09-05 16:36:00 
21301,3621,2,2020-09-05 16:36:00 
85010,2095,5,2020-09-05 16:36:00 
9059,3377,1,2020-09-05 16:36:00 
37999,3415,1,2020-09-05 16:36:00 
10920,140,1,2020-09-05 16:36:00 
85503,4661,1,2020-09-05 16:36:00 
41325,534,1,2020-09-05 16:36:00 
24141,797,4,2020-09-05 16:36:00 
9250,4728,3,2020-09-05 16:36:00 
64752,1755,2,2020-09-05 16:36:00 
88217,3566,2,2020-09-05 16:36:00 
89356,4172,4,2020-09-05 16:36:00 
57535,4263,1,2020-09-05 16:36:00 
80571,640,4,2020-09-05 16:36:00 
47102,1774,2,2020-09-05 16:36:00 
4526,713,5,2020-09-05 16:36:00 
12113,1062,4,2020-09-05 16:36:00 
80956,4048,3,2020-09-05 16:36:00 
51713,3998,2,2020-09-05 16:36:00 
13240,3381,1,2020-09-05 16:36:00 
49846,1628,3,2020-09-05 16:36:00 
2133,1506,3,2020-09-05 16:36:00 
56449,2850,5,2020-09-05 16:36:00 
76188,169,1,2020-09-05 16:36:00 
81623,496,4,2020-09-05 16:36:00 
16484,4296,5,2020-09-05 16:36:00 
32140,1876,1,2020-09-05 16:36:00 
89080,1314,5,2020-09-05 16:36:00 
84693,977,3,2020-09-05 16:36:00 
24437,2475,4,2020-09-05 16:36:00 
9178,4108,3,2020-09-05 16:36:00 
20516,4567,1,2020-09-05 16:36:00 
44889,2341,1,2020-09-05 16:36:00 
68658,621,1,2020-09-05 16:36:00 
33890,1080,1,2020-09-05 16:36:00 
27101,4523,3,2020-09-05 16:36:00 
28347,936,2,2020-09-05 16:36:00 
68014,3654,3,2020-09-05 16:36:00 
88821,1285,5,2020-09-05 16:36:00 
25298,1002,3,2020-09-05 16:36:00 
67685,2457,4,2020-09-05 16:37:00 
60711,522,1,2020-09-05 16:37:00 
77477,332,5,2020-09-05 16:37:00 
46919,1088,3,2020-09-05 16:37:00 
5307,1978,5,2020-09-05 16:37:00 
16439,2982,1,2020-09-05 16:37:00 
19036,1328,2,2020-09-05 16:37:00 
7793,1126,3,2020-09-05 16:37:00 
78685,4475,2,2020-09-05 16:37:00 
74150,2535,5,2020-09-05 16:37:00 
65880,1243,5,2020-09-05 16:37:00 
19689,749,5,2020-09-05 16:37:00 
17149,3677,5,2020-09-05 16:37:00 
80637,716,3,2020-09-05 16:37:00 
74052,1186,1,2020-09-05 16:37:00 
80864,4337,5,2020-09-05 16:37:00 
61868,3046,3,2020-09-05 16:37:00 
54080,2008,5,2020-09-05 16:37:00 
71194,2553,2,2020-09-05 16:37:00 
73046,3292,2,2020-09-05 16:37:00 
26838,1143,3,2020-09-05 16:37:00 
32965,4725,5,2020-09-05 16:37:00 
59374,449,2,2020-09-05 16:37:00 
74820,4688,4,2020-09-05 16:37:00 
57989,4581,2,2020-09-05 16:37:00 
34823,4495,4,2020-09-05 16:37:00 
4047,465,3,2020-09-05 16:37:00 
27296,4803,4,2020-09-05 16:37:00 
16956,1814,5,2020-09-05 16:37:00 
79241,2027,3,2020-09-05 16:37:00 
72279,1774,5,2020-09-05 16:37:00 
24176,927,4,2020-09-05 16:37:00 
84489,3197,5,2020-09-05 16:37:00 
89687,4543,2,2020-09-05 16:37:00 
26549,506,2,2020-09-05 16:37:00 
89676,523,3,2020-09-05 16:37:00 
23625,2821,3,2020-09-05 16:37:00 
817,562,1,2020-09-05 16:37:00 
81382,2279,5,2020-09-05 16:37:00 
74150,4495,2,2020-09-05 16:37:00 
42508,2587,3,2020-09-05 16:37:00 
20902,396,1,2020-09-05 16:37:00 
55274,2072,3,2020-09-05 16:37:00 
22221,908,1,2020-09-05 16:37:00 
5988,1889,4,2020-09-05 16:37:00 
11434,2061,5,2020-09-05 16:37:00 
4809,3861,3,2020-09-05 16:37:00 
27834,1767,5,2020-09-05 16:37:00 
71285,4243,2,2020-09-05 16:37:00 
40384,107,1,2020-09-05 16:37:00 
34090,654,1,2020-09-05 16:37:00 
19580,4392,2,2020-09-05 16:37:00 
27395,664,5,2020-09-05 16:37:00 
78764,438,2,2020-09-05 16:37:00 
35412,1629,5,2020-09-05 16:37:00 
44424,3570,2,2020-09-05 16:37:00 
89,4787,1,2020-09-05 16:37:00 
15121,3451,5,2020-09-05 16:37:00 
5854,3128,3,2020-09-05 16:37:00 
68495,2342,4,2020-09-05 16:37:00 
34043,1617,4,2020-09-05 16:38:00 
5852,410,4,2020-09-05 16:38:00 
74219,3973,2,2020-09-05 16:38:00 
15711,2587,3,2020-09-05 16:38:00 
35335,4250,2,2020-09-05 16:38:00 
20710,4216,1,2020-09-05 16:38:00 
23966,1473,4,2020-09-05 16:38:00 
87050,4297,1,2020-09-05 16:38:00 
34078,2532,4,2020-09-05 16:38:00 
74407,4139,1,2020-09-05 16:38:00 
22623,830,5,2020-09-05 16:38:00 
37834,534,4,2020-09-05 16:38:00 
16506,3536,3,2020-09-05 16:38:00 
81651,3719,1,2020-09-05 16:38:00 
12071,1010,3,2020-09-05 16:38:00 
22125,4364,2,2020-09-05 16:38:00 
56163,321,4,2020-09-05 16:38:00 
386,1735,4,2020-09-05 16:38:00 
65271,4725,3,2020-09-05 16:38:00 
89003,4182,2,2020-09-05 16:38:00 
47950,4797,5,2020-09-05 16:38:00 
86029,3181,1,2020-09-05 16:38:00 
44413,4892,2,2020-09-05 16:38:00 
13932,4821,3,2020-09-05 16:38:00 
23793,3086,3,2020-09-05 16:38:00 
26952,4892,1,2020-09-05 16:38:00 
48671,2280,2,2020-09-05 16:38:00 
36106,4993,5,2020-09-05 16:38:00 
18306,2182,4,2020-09-05 16:38:00 
35447,2263,1,2020-09-05 16:38:00 
71832,4846,5,2020-09-05 16:38:00 
5159,2350,1,2020-09-05 16:38:00 
22452,2925,1,2020-09-05 16:38:00 
80242,1246,5,2020-09-05 16:38:00 
16252,3058,2,2020-09-05 16:38:00 
58757,1845,1,2020-09-05 16:38:00 
34897,2036,5,2020-09-05 16:38:00 
39199,1028,1,2020-09-05 16:38:00 
68537,2142,2,2020-09-05 16:38:00 
14043,140,4,2020-09-05 16:38:00 
71243,2460,2,2020-09-05 16:38:00 
20449,4621,5,2020-09-05 16:38:00 
69339,3468,3,2020-09-05 16:38:00 
26321,3401,2,2020-09-05 16:38:00 
68548,2104,5,2020-09-05 16:38:00 
48829,1626,1,2020-09-05 16:38:00 
5888,210,3,2020-09-05 16:38:00 
442,2504,2,2020-09-05 16:38:00 
45152,3450,2,2020-09-05 16:38:00 
60354,331,1,2020-09-05 16:38:00 
64535,2797,2,2020-09-05 16:38:00 
26673,730,2,2020-09-05 16:38:00 
78883,1143,2,2020-09-05 16:38:00 
6069,2549,2,2020-09-05 16:38:00 
47726,1038,3,2020-09-05 16:38:00 
74197,1845,1,2020-09-05 16:38:00 
62810,2446,1,2020-09-05 16:38:00 
41308,1595,1,2020-09-05 16:38:00 
81083,3402,3,2020-09-05 16:38:00 
48107,1056,2,2020-09-05 16:38:00 
83308,196,2,2020-09-05 16:39:00 
11801,2679,3,2020-09-05 16:39:00 
11414,4506,2,2020-09-05 16:39:00 
68386,3820,4,2020-09-05 16:39:00 
89799,128,4,2020-09-05 16:39:00 
74600,3631,2,2020-09-05 16:39:00 
87631,486,1,2020-09-05 16:39:00 
64024,4587,3,2020-09-05 16:39:00 
68351,700,1,2020-09-05 16:39:00 
64347,4513,1,2020-09-05 16:39:00 
88373,1188,1,2020-09-05 16:39:00 
30129,1386,5,2020-09-05 16:39:00 
40333,2984,4,2020-09-05 16:39:00 
49447,496,5,2020-09-05 16:39:00 
1949,2958,4,2020-09-05 16:39:00 
1074,3202,1,2020-09-05 16:39:00 
7053,4661,4,2020-09-05 16:39:00 
12259,4029,1,2020-09-05 16:39:00 
81815,1043,2,2020-09-05 16:39:00 
7978,4982,4,2020-09-05 16:39:00 
86551,3425,4,2020-09-05 16:39:00 
21273,1134,3,2020-09-05 16:39:00 
7281,1061,5,2020-09-05 16:39:00 
84814,1745,5,2020-09-05 16:39:00 
14293,2420,4,2020-09-05 16:39:00 
31136,4821,5,2020-09-05 16:39:00 
25853,1795,4,2020-09-05 16:39:00 
30808,4836,1,2020-09-05 16:39:00 
21389,1755,4,2020-09-05 16:39:00 
68375,2514,3,2020-09-05 16:39:00 
72233,2259,3,2020-09-05 16:39:00 
67674,3706,3,2020-09-05 16:39:00 
45707,2574,3,2020-09-05 16:39:00 
59983,1453,2,2020-09-05 16:39:00 
43781,4217,4,2020-09-05 16:39:00 
75458,113,4,2020-09-05 16:39:00 
72472,3180,4,2020-09-05 16:39:00 
6893,4554,3,2020-09-05 16:39:00 
61262,4908,2,2020-09-05 16:39:00 
48025,2780,3,2020-09-05 16:39:00 
44648,1008,3,2020-09-05 16:39:00 
39157,4079,3,2020-09-05 16:39:00 
78470,4439,1,2020-09-05 16:39:00 
9019,2629,1,2020-09-05 16:39:00 
79097,2143,2,2020-09-05 16:39:00 
87569,720,5,2020-09-05 16:39:00 
21978,2159,5,2020-09-05 16:39:00 
65450,3602,2,2020-09-05 16:39:00 
32081,2037,5,2020-09-05 16:39:00 
73950,2914,2,2020-09-05 16:39:00 
45511,1022,3,2020-09-05 16:39:00 
46500,919,1,2020-09-05 16:39:00 
51289,3439,3,2020-09-05 16:39:00 
25065,99,3,2020-09-05 16:39:00 
76594,2176,3,2020-09-05 16:39:00 
82495,1544,5,2020-09-05 16:39:00 
16697,694,3,2020-09-05 16:39:00 
58034,2237,3,2020-09-05 16:39:00 
43703,3697,3,2020-09-05 16:39:00 
65657,2550,5,2020-09-05 16:39:00 
16232,1450,4,2020-09-05 16:40:00 
63666,3355,3,2020-09-05 16:40:00 
12659,981,2,2020-09-05 16:40:00 
9870,3567,2,2020-09-05 16:40:00 
30633,720,1,2020-09-05 16:40:00 
22381,4862,5,2020-09-05 16:40:00 
20828,4338,3,2020-09-05 16:40:00 
32606,4488,4,2020-09-05 16:40:00 
858,3262,4,2020-09-05 16:40:00 
46778,2451,2,2020-09-05 16:40:00 
22963,4828,1,2020-09-05 16:40:00 
63150,721,3,2020-09-05 16:40:00 
17783,4929,3,2020-09-05 16:40:00 
50686,654,4,2020-09-05 16:40:00 
61532,2347,1,2020-09-05 16:40:00 
59340,2133,4,2020-09-05 16:40:00 
57987,1250,3,2020-09-05 16:40:00 
3213,1741,5,2020-09-05 16:40:00 
54635,3973,2,2020-09-05 16:40:00 
2182,4842,3,2020-09-05 16:40:00 
39691,4418,1,2020-09-05 16:40:00 
87071,4987,2,2020-09-05 16:40:00 
33968,1681,3,2020-09-05 16:40:00 
15172,2460,2,2020-09-05 16:40:00 
20671,4876,4,2020-09-05 16:40:00 
13740,1866,3,2020-09-05 16:40:00 
8795,4116,3,2020-09-05 16:40:00 
73434,3454,3,2020-09-05 16:40:00 
78605,3459,3,2020-09-05 16:40:00 
64840,4620,1,2020-09-05 16:40:00 
44325,4677,2,2020-09-05 16:40:00 
10583,698,2,2020-09-05 16:40:00 
27842,2867,5,2020-09-05 16:40:00 
42286,1448,3,2020-09-05 16:40:00 
49711,2768,1,2020-09-05 16:40:00 
85774,3200,2,2020-09-05 16:40:00 
87824,3781,5,2020-09-05 16:40:00 
80369,1268,5,2020-09-05 16:40:00 
85162,3745,5,2020-09-05 16:40:00 
47390,3317,2,2020-09-05 16:40:00 
24403,4439,5,2020-09-05 16:40:00 
4470,601,3,2020-09-05 16:40:00 
34362,1313,2,2020-09-05 16:40:00 
7796,905,5,2020-09-05 16:40:00 
78010,863,5,2020-09-05 16:40:00 
56868,3415,3,2020-09-05 16:40:00 
79736,353,2,2020-09-05 16:40:00 
64171,1118,5,2020-09-05 16:40:00 
7688,4865,3,2020-09-05 16:40:00 
37257,2524,1,2020-09-05 16:40:00 
26587,1289,2,2020-09-05 16:40:00 
1217,4661,5,2020-09-05 16:40:00 
40108,2072,3,2020-09-05 16:40:00 
25565,2356,3,2020-09-05 16:40:00 
38506,146,5,2020-09-05 16:40:00 
74734,4793,4,2020-09-05 16:40:00 
8748,2172,1,2020-09-05 16:40:00 
68241,3474,5,2020-09-05 16:40:00 
2791,66,1,2020-09-05 16:40:00 
87363,396,4,2020-09-05 16:40:00 
38743,1952,3,2020-09-05 16:41:00 
29921,4326,5,2020-09-05 16:41:00 
24596,2279,2,2020-09-05 16:41:00 
41943,301,3,2020-09-05 16:41:00 
56669,1183,4,2020-09-05 16:41:00 
87437,1071,4,2020-09-05 16:41:00 
38383,438,1,2020-09-05 16:41:00 
18839,350,5,2020-09-05 16:41:00 
14932,3906,4,2020-09-05 16:41:00 
65785,741,3,2020-09-05 16:41:00 
72521,1619,4,2020-09-05 16:41:00 
61540,4270,2,2020-09-05 16:41:00 
13190,3423,2,2020-09-05 16:41:00 
2000,1812,4,2020-09-05 16:41:00 
16246,366,4,2020-09-05 16:41:00 
28269,1293,5,2020-09-05 16:41:00 
48292,2813,3,2020-09-05 16:41:00 
38241,2260,4,2020-09-05 16:41:00 
36192,3709,3,2020-09-05 16:41:00 
42124,417,5,2020-09-05 16:41:00 
22266,695,4,2020-09-05 16:41:00 
6694,3861,5,2020-09-05 16:41:00 
4559,1318,5,2020-09-05 16:41:00 
71622,4446,2,2020-09-05 16:41:00 
86330,1760,2,2020-09-05 16:41:00 
76517,3527,2,2020-09-05 16:41:00 
2563,4701,1,2020-09-05 16:41:00 
19710,1784,2,2020-09-05 16:41:00 
16876,2701,5,2020-09-05 16:41:00 
8940,4740,5,2020-09-05 16:41:00 
57821,3953,1,2020-09-05 16:41:00 
21827,1668,2,2020-09-05 16:41:00 
73205,4365,2,2020-09-05 16:41:00 
58116,560,5,2020-09-05 16:41:00 
26302,3327,4,2020-09-05 16:41:00 
7989,304,3,2020-09-05 16:41:00 
86701,2202,3,2020-09-05 16:41:00 
49451,2763,5,2020-09-05 16:41:00 
52092,3189,1,2020-09-05 16:41:00 
5783,3550,5,2020-09-05 16:41:00 
7760,1510,1,2020-09-05 16:41:00 
45103,123,2,2020-09-05 16:41:00 
11022,256,2,2020-09-05 16:41:00 
36410,441,1,2020-09-05 16:41:00 
12350,1186,5,2020-09-05 16:41:00 
3462,3262,4,2020-09-05 16:41:00 
17886,3160,2,2020-09-05 16:41:00 
78879,2096,3,2020-09-05 16:41:00 
60922,3391,5,2020-09-05 16:41:00 
4065,2838,4,2020-09-05 16:41:00 
8060,936,5,2020-09-05 16:41:00 
59469,3066,1,2020-09-05 16:41:00 
44178,4433,3,2020-09-05 16:41:00 
475,4121,1,2020-09-05 16:41:00 
8322,3945,3,2020-09-05 16:41:00 
7289,4538,5,2020-09-05 16:41:00 
78939,655,5,2020-09-05 16:41:00 
74840,1666,1,2020-09-05 16:41:00 
46765,886,5,2020-09-05 16:41:00 
11051,1214,2,2020-09-05 16:41:00 
81596,77,1,2020-09-05 16:42:00 
77511,81,5,2020-09-05 16:42:00 
55274,1750,2,2020-09-05 16:42:00 
67872,4793,4,2020-09-05 16:42:00 
52230,1729,1,2020-09-05 16:42:00 
13700,2927,2,2020-09-05 16:42:00 
28493,1626,1,2020-09-05 16:42:00 
40656,4418,3,2020-09-05 16:42:00 
2153,4636,4,2020-09-05 16:42:00 
60280,339,5,2020-09-05 16:42:00 
28596,2365,5,2020-09-05 16:42:00 
70948,4892,5,2020-09-05 16:42:00 
45511,4538,4,2020-09-05 16:42:00 
60509,2428,1,2020-09-05 16:42:00 
8327,895,5,2020-09-05 16:42:00 
13491,2718,4,2020-09-05 16:42:00 
6283,3457,2,2020-09-05 16:42:00 
29156,2263,3,2020-09-05 16:42:00 
3397,4418,3,2020-09-05 16:42:00 
16281,3602,3,2020-09-05 16:42:00 
1647,1494,1,2020-09-05 16:42:00 
66624,595,3,2020-09-05 16:42:00 
23964,4365,5,2020-09-05 16:42:00 
79198,3228,5,2020-09-05 16:42:00 
34789,1681,5,2020-09-05 16:42:00 
86253,1112,5,2020-09-05 16:42:00 
11016,3236,5,2020-09-05 16:42:00 
44406,2825,4,2020-09-05 16:42:00 
39977,3781,5,2020-09-05 16:42:00 
69774,2669,1,2020-09-05 16:42:00 
52204,3727,2,2020-09-05 16:42:00 
14076,2169,3,2020-09-05 16:42:00 
34071,1186,5,2020-09-05 16:42:00 
69534,1230,4,2020-09-05 16:42:00 
57106,176,3,2020-09-05 16:42:00 
86331,1047,4,2020-09-05 16:42:00 
86853,196,2,2020-09-05 16:42:00 
22905,4833,5,2020-09-05 16:42:00 
78291,3234,3,2020-09-05 16:42:00 
26984,3523,2,2020-09-05 16:42:00 
68476,3121,1,2020-09-05 16:42:00 
29849,1836,5,2020-09-05 16:42:00 
36652,86,2,2020-09-05 16:42:00 
42404,2372,1,2020-09-05 16:42:00 
51991,3984,4,2020-09-05 16:42:00 
62810,4754,1,2020-09-05 16:42:00 
77385,4394,3,2020-09-05 16:42:00 
11945,4149,5,2020-09-05 16:42:00 
68555,1099,1,2020-09-05 16:42:00 
8500,2970,2,2020-09-05 16:42:00 
88375,3065,3,2020-09-05 16:42:00 
75496,1008,4,2020-09-05 16:42:00 
15532,2214,4,2020-09-05 16:42:00 
87363,2842,1,2020-09-05 16:42:00 
49801,1794,2,2020-09-05 16:42:00 
20709,3672,2,2020-09-05 16:42:00 
60873,4620,5,2020-09-05 16:42:00 
24602,565,3,2020-09-05 16:42:00 
63861,769,5,2020-09-05 16:42:00 
89403,2641,3,2020-09-05 16:42:00 
75028,2474,2,2020-09-05 16:43:00 
18886,81,2,2020-09-05 16:43:00 
61565,3550,1,2020-09-05 16:43:00 
89387,3728,3,2020-09-05 16:43:00 
11705,1099,3,2020-09-05 16:43:00 
7922,4702,1,2020-09-05 16:43:00 
45523,4840,4,2020-09-05 16:43:00 
88997,3630,3,2020-09-05 16:43:00 
59654,702,5,2020-09-05 16:43:00 
30990,100,1,2020-09-05 16:43:00 
17202,1521,5,2020-09-05 16:43:00 
18987,758,2,2020-09-05 16:43:00 
31043,4460,3,2020-09-05 16:43:00 
87552,1318,1,2020-09-05 16:43:00 
79987,161,2,2020-09-05 16:43:00 
68080,4912,5,2020-09-05 16:43:00 
27140,2733,4,2020-09-05 16:43:00 
1612,252,5,2020-09-05 16:43:00 
31731,2417,3,2020-09-05 16:43:00 
14906,239,3,2020-09-05 16:43:00 
35340,1803,3,2020-09-05 16:43:00 
10271,70,1,2020-09-05 16:43:00 
86588,3861,1,2020-09-05 16:43:00 
2384,3381,3,2020-09-05 16:43:00 
76887,2906,5,2020-09-05 16:43:00 
28890,3278,1,2020-09-05 16:43:00 
53379,1527,4,2020-09-05 16:43:00 
66915,1794,1,2020-09-05 16:43:00 
3242,3408,3,2020-09-05 16:43:00 
21562,2523,4,2020-09-05 16:43:00 
45009,3120,4,2020-09-05 16:43:00 
31741,2214,4,2020-09-05 16:43:00 
58825,1619,1,2020-09-05 16:43:00 
8976,4010,4,2020-09-05 16:43:00 
38671,1797,4,2020-09-05 16:43:00 
14470,2133,3,2020-09-05 16:43:00 
28580,4620,1,2020-09-05 16:43:00 
27256,4585,2,2020-09-05 16:43:00 
67606,2279,1,2020-09-05 16:43:00 
36322,4310,3,2020-09-05 16:43:00 
56544,4415,2,2020-09-05 16:43:00 
60190,3381,4,2020-09-05 16:43:00 
53660,4010,4,2020-09-05 16:43:00 
72346,3054,2,2020-09-05 16:43:00 
77569,3589,2,2020-09-05 16:43:00 
48778,4740,3,2020-09-05 16:43:00 
64444,1350,1,2020-09-05 16:43:00 
13521,2748,2,2020-09-05 16:43:00 
61778,4793,2,2020-09-05 16:43:00 
47494,4620,4,2020-09-05 16:43:00 
14872,366,4,2020-09-05 16:43:00 
4831,2616,4,2020-09-05 16:43:00 
81398,738,3,2020-09-05 16:43:00 
85750,977,5,2020-09-05 16:43:00 
70332,534,4,2020-09-05 16:43:00 
46072,1454,2,2020-09-05 16:43:00 
62987,4656,4,2020-09-05 16:43:00 
24483,1608,4,2020-09-05 16:43:00 
9501,2933,4,2020-09-05 16:43:00 
30719,149,2,2020-09-05 16:43:00 
65174,3523,2,2020-09-05 16:44:00 
75978,621,1,2020-09-05 16:44:00 
76770,366,5,2020-09-05 16:44:00 
28156,4587,3,2020-09-05 16:44:00 
85127,3978,5,2020-09-05 16:44:00 
29432,1717,5,2020-09-05 16:44:00 
17034,165,2,2020-09-05 16:44:00 
25792,1450,3,2020-09-05 16:44:00 
82935,412,5,2020-09-05 16:44:00 
10547,1506,4,2020-09-05 16:44:00 
53360,4598,3,2020-09-05 16:44:00 
23651,695,1,2020-09-05 16:44:00 
27380,164,4,2020-09-05 16:44:00 
21139,2007,1,2020-09-05 16:44:00 
40816,2570,5,2020-09-05 16:44:00 
54991,2448,3,2020-09-05 16:44:00 
36739,823,1,2020-09-05 16:44:00 
55875,1038,1,2020-09-05 16:44:00 
50550,206,2,2020-09-05 16:44:00 
71841,3289,1,2020-09-05 16:44:00 
39527,111,1,2020-09-05 16:44:00 
37868,4711,1,2020-09-05 16:44:00 
65599,2072,4,2020-09-05 16:44:00 
82984,1276,2,2020-09-05 16:44:00 
44991,3079,1,2020-09-05 16:44:00 
41504,3582,1,2020-09-05 16:44:00 
79051,690,1,2020-09-05 16:44:00 
28491,4876,2,2020-09-05 16:44:00 
86046,2403,2,2020-09-05 16:44:00 
85930,4327,5,2020-09-05 16:44:00 
7462,4885,1,2020-09-05 16:44:00 
46567,1530,4,2020-09-05 16:44:00 
61546,2514,5,2020-09-05 16:44:00 
54526,1784,3,2020-09-05 16:44:00 
26136,1818,1,2020-09-05 16:44:00 
2578,965,3,2020-09-05 16:44:00 
78019,716,5,2020-09-05 16:44:00 
8498,4805,5,2020-09-05 16:44:00 
79970,965,2,2020-09-05 16:44:00 
33851,1774,1,2020-09-05 16:44:00 
17826,2549,3,2020-09-05 16:44:00 
2833,563,2,2020-09-05 16:44:00 
71128,3797,1,2020-09-05 16:44:00 
72756,2077,4,2020-09-05 16:44:00 
85138,2474,1,2020-09-05 16:44:00 
22536,1689,5,2020-09-05 16:44:00 
38963,2224,1,2020-09-05 16:44:00 
61032,1292,2,2020-09-05 16:44:00 
51880,3892,3,2020-09-05 16:44:00 
59636,158,3,2020-09-05 16:44:00 
40560,2470,2,2020-09-05 16:44:00 
62670,1829,2,2020-09-05 16:44:00 
404,3086,3,2020-09-05 16:44:00 
33819,3826,3,2020-09-05 16:44:00 
8698,4513,4,2020-09-05 16:44:00 
27908,3919,2,2020-09-05 16:44:00 
38982,2129,1,2020-09-05 16:44:00 
80640,3125,2,2020-09-05 16:44:00 
66718,1425,3,2020-09-05 16:44:00 
34937,1300,1,2020-09-05 16:44:00 
73439,3758,5,2020-09-05 16:45:00 
35404,3308,4,2020-09-05 16:45:00 
59770,2475,5,2020-09-05 16:45:00 
45930,4567,5,2020-09-05 16:45:00 
1483,2924,1,2020-09-05 16:45:00 
25731,1219,4,2020-09-05 16:45:00 
25726,2446,2,2020-09-05 16:45:00 
54983,2176,4,2020-09-05 16:45:00 
34987,169,3,2020-09-05 16:45:00 
69267,2256,3,2020-09-05 16:45:00 
70119,3522,1,2020-09-05 16:45:00 
19554,3965,1,2020-09-05 16:45:00 
5296,1533,3,2020-09-05 16:45:00 
76989,3045,5,2020-09-05 16:45:00 
26528,1765,4,2020-09-05 16:45:00 
55040,3285,1,2020-09-05 16:45:00 
22958,4661,1,2020-09-05 16:45:00 
56127,937,4,2020-09-05 16:45:00 
70095,3339,5,2020-09-05 16:45:00 
43830,4555,3,2020-09-05 16:45:00 
45815,716,2,2020-09-05 16:45:00 
72784,4434,5,2020-09-05 16:45:00 
57779,4973,1,2020-09-05 16:45:00 
64502,2813,1,2020-09-05 16:45:00 
64169,4587,1,2020-09-05 16:45:00 
21474,2176,5,2020-09-05 16:45:00 
65358,1334,5,2020-09-05 16:45:00 
21336,4270,1,2020-09-05 16:45:00 
42880,1544,1,2020-09-05 16:45:00 
44465,4884,5,2020-09-05 16:45:00 
354,2420,2,2020-09-05 16:45:00 
17865,1535,1,2020-09-05 16:45:00 
63697,2813,1,2020-09-05 16:45:00 
40214,2125,5,2020-09-05 16:45:00 
52995,760,2,2020-09-05 16:45:00 
278,2909,4,2020-09-05 16:45:00 
33568,1411,3,2020-09-05 16:45:00 
126,1143,4,2020-09-05 16:45:00 
30013,4096,3,2020-09-05 16:45:00 
71339,3430,5,2020-09-05 16:45:00 
66833,149,2,2020-09-05 16:45:00 
22564,2005,3,2020-09-05 16:45:00 
56701,1235,3,2020-09-05 16:45:00 
33497,4019,5,2020-09-05 16:45:00 
66329,157,4,2020-09-05 16:45:00 
64616,2797,4,2020-09-05 16:45:00 
83245,2463,5,2020-09-05 16:45:00 
2361,4846,2,2020-09-05 16:45:00 
29062,4464,3,2020-09-05 16:45:00 
79352,90,1,2020-09-05 16:45:00 
53768,1077,4,2020-09-05 16:45:00 
73045,3143,3,2020-09-05 16:45:00 
87331,4309,5,2020-09-05 16:45:00 
19277,314,4,2020-09-05 16:45:00 
6134,4224,3,2020-09-05 16:45:00 
24677,4446,1,2020-09-05 16:45:00 
43135,630,2,2020-09-05 16:45:00 
53042,935,1,2020-09-05 16:45:00 
3731,2498,5,2020-09-05 16:45:00 
20452,4007,4,2020-09-05 16:45:00 
15438,3996,1,2020-09-05 16:46:00 
9165,4232,1,2020-09-05 16:46:00 
39907,4974,3,2020-09-05 16:46:00 
74111,1196,3,2020-09-05 16:46:00 
54740,2601,3,2020-09-05 16:46:00 
88721,601,5,2020-09-05 16:46:00 
14052,227,1,2020-09-05 16:46:00 
15730,2448,3,2020-09-05 16:46:00 
38562,1666,1,2020-09-05 16:46:00 
84141,158,2,2020-09-05 16:46:00 
11776,4876,1,2020-09-05 16:46:00 
81131,2870,5,2020-09-05 16:46:00 
77529,426,4,2020-09-05 16:46:00 
6330,4787,1,2020-09-05 16:46:00 
69964,2183,3,2020-09-05 16:46:00 
30990,3920,4,2020-09-05 16:46:00 
34935,594,5,2020-09-05 16:46:00 
67915,580,5,2020-09-05 16:46:00 
87752,4533,3,2020-09-05 16:46:00 
6523,3761,2,2020-09-05 16:46:00 
45988,157,1,2020-09-05 16:46:00 
3102,3089,5,2020-09-05 16:46:00 
81478,4202,5,2020-09-05 16:46:00 
88500,1153,4,2020-09-05 16:46:00 
11903,2560,2,2020-09-05 16:46:00 
25432,4217,1,2020-09-05 16:46:00 
45517,618,2,2020-09-05 16:46:00 
81278,1951,3,2020-09-05 16:46:00 
4759,90,3,2020-09-05 16:46:00 
9600,1292,1,2020-09-05 16:46:00 
52951,3715,4,2020-09-05 16:46:00 
88828,2748,1,2020-09-05 16:46:00 
50630,1461,4,2020-09-05 16:46:00 
76886,2740,1,2020-09-05 16:46:00 
4483,1126,2,2020-09-05 16:46:00 
41952,4555,4,2020-09-05 16:46:00 
9882,973,2,2020-09-05 16:46:00 
1764,490,3,2020-09-05 16:46:00 
23402,1782,1,2020-09-05 16:46:00 
9787,3340,4,2020-09-05 16:46:00 
28683,264,3,2020-09-05 16:46:00 
46387,3861,3,2020-09-05 16:46:00 
19231,1164,1,2020-09-05 16:46:00 
46684,2741,5,2020-09-05 16:46:00 
30567,1755,5,2020-09-05 16:46:00 
43415,3572,3,2020-09-05 16:46:00 
58326,4224,2,2020-09-05 16:46:00 
33540,4800,4,2020-09-05 16:46:00 
70604,4415,5,2020-09-05 16:46:00 
6148,317,5,2020-09-05 16:46:00 
58827,937,2,2020-09-05 16:46:00 
79647,2570,4,2020-09-05 16:46:00 
56116,4221,5,2020-09-05 16:46:00 
30594,1492,1,2020-09-05 16:46:00 
10510,2691,3,2020-09-05 16:46:00 
77783,4825,3,2020-09-05 16:46:00 
53869,2011,4,2020-09-05 16:46:00 
57147,4612,2,2020-09-05 16:46:00 
11809,4850,2,2020-09-05 16:46:00 
76483,2176,4,2020-09-05 16:46:00 
24593,4385,5,2020-09-05 16:47:00 
9600,3558,4,2020-09-05 16:47:00 
18088,4075,5,2020-09-05 16:47:00 
58622,1122,1,2020-09-05 16:47:00 
59580,4523,3,2020-09-05 16:47:00 
38455,2036,4,2020-09-05 16:47:00 
21568,2391,3,2020-09-05 16:47:00 
25232,1544,5,2020-09-05 16:47:00 
7182,1816,2,2020-09-05 16:47:00 
56627,836,3,2020-09-05 16:47:00 
23997,4702,3,2020-09-05 16:47:00 
61744,3339,4,2020-09-05 16:47:00 
78076,1109,4,2020-09-05 16:47:00 
45518,522,3,2020-09-05 16:47:00 
76138,405,2,2020-09-05 16:47:00 
67505,1812,3,2020-09-05 16:47:00 
11093,3590,5,2020-09-05 16:47:00 
51498,3577,4,2020-09-05 16:47:00 
75334,3770,1,2020-09-05 16:47:00 
64164,512,1,2020-09-05 16:47:00 
50173,1243,3,2020-09-05 16:47:00 
38477,122,5,2020-09-05 16:47:00 
73192,1638,5,2020-09-05 16:47:00 
30126,3125,4,2020-09-05 16:47:00 
32566,2869,1,2020-09-05 16:47:00 
28746,4506,3,2020-09-05 16:47:00 
31916,1007,4,2020-09-05 16:47:00 
8722,1877,2,2020-09-05 16:47:00 
80073,2036,4,2020-09-05 16:47:00 
39348,993,3,2020-09-05 16:47:00 
32672,631,4,2020-09-05 16:47:00 
66731,4244,1,2020-09-05 16:47:00 
41732,661,5,2020-09-05 16:47:00 
16201,3802,5,2020-09-05 16:47:00 
86126,2428,3,2020-09-05 16:47:00 
41474,252,4,2020-09-05 16:47:00 
27724,3674,1,2020-09-05 16:47:00 
61178,1500,1,2020-09-05 16:47:00 
6947,2616,5,2020-09-05 16:47:00 
84691,1061,2,2020-09-05 16:47:00 
83840,2414,3,2020-09-05 16:47:00 
7680,4073,4,2020-09-05 16:47:00 
84912,431,3,2020-09-05 16:47:00 
41252,2018,5,2020-09-05 16:47:00 
38550,3079,2,2020-09-05 16:47:00 
58164,522,5,2020-09-05 16:47:00 
36163,4764,3,2020-09-05 16:47:00 
56929,4338,3,2020-09-05 16:47:00 
38,2254,3,2020-09-05 16:47:00 
29854,3156,2,2020-09-05 16:47:00 
14003,3522,5,2020-09-05 16:47:00 
33144,1668,1,2020-09-05 16:47:00 
66848,1444,1,2020-09-05 16:47:00 
72823,3546,2,2020-09-05 16:47:00 
23814,2372,5,2020-09-05 16:47:00 
28736,1860,2,2020-09-05 16:47:00 
40638,3803,5,2020-09-05 16:47:00 
60672,1818,1,2020-09-05 16:47:00 
5295,2910,3,2020-09-05 16:47:00 
40427,595,4,2020-09-05 16:47:00 
53632,895,5,2020-09-05 16:48:00 
67670,4418,2,2020-09-05 16:48:00 
14572,1419,5,2020-09-05 16:48:00 
20970,2740,2,2020-09-05 16:48:00 
15189,3775,3,2020-09-05 16:48:00 
65753,3254,5,2020-09-05 16:48:00 
85198,2873,1,2020-09-05 16:48:00 
19188,1078,3,2020-09-05 16:48:00 
47327,4300,2,2020-09-05 16:48:00 
75291,3975,2,2020-09-05 16:48:00 
89484,3706,3,2020-09-05 16:48:00 
87466,4506,2,2020-09-05 16:48:00 
87243,1569,5,2020-09-05 16:48:00 
13566,3174,3,2020-09-05 16:48:00 
40210,2062,4,2020-09-05 16:48:00 
2960,887,2,2020-09-05 16:48:00 
42201,2138,5,2020-09-05 16:48:00 
82711,4439,4,2020-09-05 16:48:00 
18400,4825,4,2020-09-05 16:48:00 
62121,2281,3,2020-09-05 16:48:00 
76154,3048,4,2020-09-05 16:48:00 
14122,3279,2,2020-09-05 16:48:00 
64986,1519,1,2020-09-05 16:48:00 
487,3770,2,2020-09-05 16:48:00 
2165,4805,4,2020-09-05 16:48:00 
25477,528,4,2020-09-05 16:48:00 
64661,2853,4,2020-09-05 16:48:00 
20898,4091,1,2020-09-05 16:48:00 
17915,3516,4,2020-09-05 16:48:00 
87092,2559,1,2020-09-05 16:48:00 
14687,1119,2,2020-09-05 16:48:00 
78356,1763,4,2020-09-05 16:48:00 
43466,576,5,2020-09-05 16:48:00 
77381,565,4,2020-09-05 16:48:00 
2085,4440,3,2020-09-05 16:48:00 
23449,4820,5,2020-09-05 16:48:00 
47924,858,3,2020-09-05 16:48:00 
28114,802,4,2020-09-05 16:48:00 
6287,797,3,2020-09-05 16:48:00 
61359,2864,1,2020-09-05 16:48:00 
19076,720,5,2020-09-05 16:48:00 
79429,4850,5,2020-09-05 16:48:00 
60627,1717,5,2020-09-05 16:48:00 
50736,3620,3,2020-09-05 16:48:00 
45673,406,4,2020-09-05 16:48:00 
45150,4728,2,2020-09-05 16:48:00 
40182,3656,5,2020-09-05 16:48:00 
46566,2420,2,2020-09-05 16:48:00 
84912,1304,3,2020-09-05 16:48:00 
18729,1233,1,2020-09-05 16:48:00 
30213,2665,2,2020-09-05 16:48:00 
6403,2273,5,2020-09-05 16:48:00 
62889,3649,4,2020-09-05 16:48:00 
86343,4748,2,2020-09-05 16:48:00 
48141,2117,1,2020-09-05 16:48:00 
41996,4189,1,2020-09-05 16:48:00 
28444,4797,5,2020-09-05 16:48:00 
60077,4620,4,2020-09-05 16:48:00 
88478,3823,3,2020-09-05 16:48:00 
45226,3783,3,2020-09-05 16:48:00 
81099,2098,4,2020-09-05 16:49:00 
43134,1292,5,2020-09-05 16:49:00 
3593,321,1,2020-09-05 16:49:00 
48024,558,5,2020-09-05 16:49:00 
85601,1130,5,2020-09-05 16:49:00 
54556,3101,5,2020-09-05 16:49:00 
17855,4884,4,2020-09-05 16:49:00 
71529,4007,2,2020-09-05 16:49:00 
9549,3654,5,2020-09-05 16:49:00 
42165,230,1,2020-09-05 16:49:00 
66817,4391,2,2020-09-05 16:49:00 
40303,4895,1,2020-09-05 16:49:00 
85871,4337,4,2020-09-05 16:49:00 
28430,3326,1,2020-09-05 16:49:00 
83773,513,2,2020-09-05 16:49:00 
6740,4690,3,2020-09-05 16:49:00 
15235,3758,4,2020-09-05 16:49:00 
45394,296,1,2020-09-05 16:49:00 
82008,2892,4,2020-09-05 16:49:00 
70118,2117,4,2020-09-05 16:49:00 
20907,4070,5,2020-09-05 16:49:00 
76732,1223,3,2020-09-05 16:49:00 
74286,280,2,2020-09-05 16:49:00 
23090,3065,2,2020-09-05 16:49:00 
61330,1827,3,2020-09-05 16:49:00 
46285,3202,3,2020-09-05 16:49:00 
27553,169,1,2020-09-05 16:49:00 
12241,79,5,2020-09-05 16:49:00 
22084,3166,1,2020-09-05 16:49:00 
9560,4404,5,2020-09-05 16:49:00 
48671,2813,4,2020-09-05 16:49:00 
35971,2254,2,2020-09-05 16:49:00 
22750,2296,1,2020-09-05 16:49:00 
40379,1823,4,2020-09-05 16:49:00 
37856,3911,1,2020-09-05 16:49:00 
39324,4464,1,2020-09-05 16:49:00 
80192,3095,5,2020-09-05 16:49:00 
84884,762,4,2020-09-05 16:49:00 
86170,2260,3,2020-09-05 16:49:00 
31541,4182,5,2020-09-05 16:49:00 
87487,654,3,2020-09-05 16:49:00 
80166,606,3,2020-09-05 16:49:00 
85014,1015,2,2020-09-05 16:49:00 
22085,3758,4,2020-09-05 16:49:00 
14125,4884,4,2020-09-05 16:49:00 
47767,897,2,2020-09-05 16:49:00 
37001,2446,5,2020-09-05 16:49:00 
971,836,4,2020-09-05 16:49:00 
57717,2639,2,2020-09-05 16:49:00 
78770,512,4,2020-09-05 16:49:00 
67508,709,3,2020-09-05 16:49:00 
16538,2622,3,2020-09-05 16:49:00 
48844,1229,1,2020-09-05 16:49:00 
12799,2985,1,2020-09-05 16:49:00 
43629,2216,3,2020-09-05 16:49:00 
35281,1188,1,2020-09-05 16:49:00 
52101,715,1,2020-09-05 16:49:00 
77460,2879,2,2020-09-05 16:49:00 
27293,224,3,2020-09-05 16:49:00 
68510,3228,3,2020-09-05 16:49:00 
76,2700,3,2020-09-05 16:50:00 
55538,4415,5,2020-09-05 16:50:00 
27435,3442,5,2020-09-05 16:50:00 
81168,886,1,2020-09-05 16:50:00 
8336,1928,1,2020-09-05 16:50:00 
79176,4620,5,2020-09-05 16:50:00 
27600,3223,1,2020-09-05 16:50:00 
75714,4214,5,2020-09-05 16:50:00 
50690,1233,5,2020-09-05 16:50:00 
69384,2273,2,2020-09-05 16:50:00 
20998,3426,3,2020-09-05 16:50:00 
85814,1818,3,2020-09-05 16:50:00 
45325,4109,4,2020-09-05 16:50:00 
7517,4297,3,2020-09-05 16:50:00 
6771,3656,2,2020-09-05 16:50:00 
68131,3004,5,2020-09-05 16:50:00 
15273,1210,2,2020-09-05 16:50:00 
14027,4748,2,2020-09-05 16:50:00 
67616,3095,5,2020-09-05 16:50:00 
66389,1727,3,2020-09-05 16:50:00 
30735,2901,1,2020-09-05 16:50:00 
13706,4157,4,2020-09-05 16:50:00 
22156,3580,4,2020-09-05 16:50:00 
64331,973,2,2020-09-05 16:50:00 
51028,4365,3,2020-09-05 16:50:00 
82924,4446,2,2020-09-05 16:50:00 
45909,4793,1,2020-09-05 16:50:00 
25125,1751,5,2020-09-05 16:50:00 
34419,3727,1,2020-09-05 16:50:00 
14509,3474,2,2020-09-05 16:50:00 
45870,3096,4,2020-09-05 16:50:00 
30980,2037,1,2020-09-05 16:50:00 
18301,3919,5,2020-09-05 16:50:00 
67488,1603,2,2020-09-05 16:50:00 
9812,369,3,2020-09-05 16:50:00 
59199,4587,2,2020-09-05 16:50:00 
9774,3386,4,2020-09-05 16:50:00 
65623,4884,3,2020-09-05 16:50:00 
54334,4172,4,2020-09-05 16:50:00 
63480,4463,4,2020-09-05 16:50:00 
52825,1492,3,2020-09-05 16:50:00 
48960,1741,4,2020-09-05 16:50:00 
25294,3299,5,2020-09-05 16:50:00 
59559,3459,5,2020-09-05 16:50:00 
20809,993,2,2020-09-05 16:50:00 
55132,1845,2,2020-09-05 16:50:00 
51616,1139,2,2020-09-05 16:50:00 
38941,111,3,2020-09-05 16:50:00 
55987,3974,4,2020-09-05 16:50:00 
12241,1882,4,2020-09-05 16:50:00 
23657,3698,3,2020-09-05 16:50:00 
43955,2873,3,2020-09-05 16:50:00 
87117,2176,3,2020-09-05 16:50:00 
58810,2830,1,2020-09-05 16:50:00 
55547,282,5,2020-09-05 16:50:00 
71152,4413,5,2020-09-05 16:50:00 
13709,220,3,2020-09-05 16:50:00 
73202,3415,5,2020-09-05 16:50:00 
68512,317,2,2020-09-05 16:50:00 
18075,2356,1,2020-09-05 16:50:00 
75531,509,3,2020-09-05 16:51:00 
56290,1456,2,2020-09-05 16:51:00 
82448,1091,2,2020-09-05 16:51:00 
59347,1131,4,2020-09-05 16:51:00 
37628,2007,1,2020-09-05 16:51:00 
16349,3451,4,2020-09-05 16:51:00 
57072,2700,5,2020-09-05 16:51:00 
64389,4058,2,2020-09-05 16:51:00 
85324,4074,5,2020-09-05 16:51:00 
51092,2260,1,2020-09-05 16:51:00 
52843,1344,2,2020-09-05 16:51:00 
89121,4682,1,2020-09-05 16:51:00 
46669,310,4,2020-09-05 16:51:00 
16069,1594,3,2020-09-05 16:51:00 
16003,1482,1,2020-09-05 16:51:00 
51614,3975,1,2020-09-05 16:51:00 
35510,3715,2,2020-09-05 16:51:00 
13700,4660,3,2020-09-05 16:51:00 
9208,2901,2,2020-09-05 16:51:00 
59393,3391,3,2020-09-05 16:51:00 
59208,4725,2,2020-09-05 16:51:00 
64929,4610,5,2020-09-05 16:51:00 
7919,4495,2,2020-09-05 16:51:00 
29297,3096,5,2020-09-05 16:51:00 
67035,1434,2,2020-09-05 16:51:00 
31084,227,2,2020-09-05 16:51:00 
84864,3065,5,2020-09-05 16:51:00 
63852,4621,1,2020-09-05 16:51:00 
70458,1024,3,2020-09-05 16:51:00 
86442,3029,4,2020-09-05 16:51:00 
6418,2483,3,2020-09-05 16:51:00 
50732,1729,5,2020-09-05 16:51:00 
8054,918,2,2020-09-05 16:51:00 
33769,3285,2,2020-09-05 16:51:00 
67793,827,1,2020-09-05 16:51:00 
17535,3973,5,2020-09-05 16:51:00 
44801,294,2,2020-09-05 16:51:00 
45226,1717,3,2020-09-05 16:51:00 
56240,972,2,2020-09-05 16:51:00 
10223,3186,4,2020-09-05 16:51:00 
66313,4438,1,2020-09-05 16:51:00 
89967,3056,5,2020-09-05 16:51:00 
40096,1047,1,2020-09-05 16:51:00 
54474,147,5,2020-09-05 16:51:00 
70414,2618,1,2020-09-05 16:51:00 
56037,1958,2,2020-09-05 16:51:00 
66362,4321,5,2020-09-05 16:51:00 
13357,4895,2,2020-09-05 16:51:00 
21260,640,1,2020-09-05 16:51:00 
57710,2310,1,2020-09-05 16:51:00 
16985,758,1,2020-09-05 16:51:00 
31387,1411,4,2020-09-05 16:51:00 
3962,2768,4,2020-09-05 16:51:00 
15021,654,5,2020-09-05 16:51:00 
89750,1465,2,2020-09-05 16:51:00 
87048,650,1,2020-09-05 16:51:00 
61087,598,2,2020-09-05 16:51:00 
16339,3143,2,2020-09-05 16:51:00 
47779,1010,2,2020-09-05 16:51:00 
33409,4683,4,2020-09-05 16:51:00 
34528,2242,1,2020-09-05 16:52:00 
14090,1137,2,2020-09-05 16:52:00 
4905,1201,2,2020-09-05 16:52:00 
3162,797,5,2020-09-05 16:52:00 
47034,3578,1,2020-09-05 16:52:00 
3754,1831,3,2020-09-05 16:52:00 
70735,888,1,2020-09-05 16:52:00 
79528,1188,5,2020-09-05 16:52:00 
65337,3066,4,2020-09-05 16:52:00 
87172,700,3,2020-09-05 16:52:00 
57019,4182,5,2020-09-05 16:52:00 
21305,4973,2,2020-09-05 16:52:00 
88420,2956,3,2020-09-05 16:52:00 
26746,2748,2,2020-09-05 16:52:00 
57300,506,1,2020-09-05 16:52:00 
79152,1118,2,2020-09-05 16:52:00 
23486,3081,2,2020-09-05 16:52:00 
1020,4247,4,2020-09-05 16:52:00 
18886,1617,4,2020-09-05 16:52:00 
6962,1319,5,2020-09-05 16:52:00 
51930,3413,5,2020-09-05 16:52:00 
64875,4912,1,2020-09-05 16:52:00 
57331,4572,4,2020-09-05 16:52:00 
82416,1877,3,2020-09-05 16:52:00 
56992,4842,3,2020-09-05 16:52:00 
14944,2428,1,2020-09-05 16:52:00 
62394,2262,2,2020-09-05 16:52:00 
75129,4189,1,2020-09-05 16:52:00 
23910,938,4,2020-09-05 16:52:00 
82420,4829,5,2020-09-05 16:52:00 
22526,3116,2,2020-09-05 16:52:00 
60859,1229,2,2020-09-05 16:52:00 
27805,3202,5,2020-09-05 16:52:00 
35603,2746,2,2020-09-05 16:52:00 
19803,1233,3,2020-09-05 16:52:00 
71185,1071,3,2020-09-05 16:52:00 
82799,4979,4,2020-09-05 16:52:00 
71872,895,3,2020-09-05 16:52:00 
32376,698,4,2020-09-05 16:52:00 
81091,4728,1,2020-09-05 16:52:00 
35965,1369,4,2020-09-05 16:52:00 
7121,4567,3,2020-09-05 16:52:00 
6227,1683,3,2020-09-05 16:52:00 
32555,4682,2,2020-09-05 16:52:00 
88645,387,2,2020-09-05 16:52:00 
21576,4455,5,2020-09-05 16:52:00 
68173,3443,5,2020-09-05 16:52:00 
6997,2864,4,2020-09-05 16:52:00 
26570,1983,5,2020-09-05 16:52:00 
4562,3401,2,2020-09-05 16:52:00 
33803,57,2,2020-09-05 16:52:00 
62600,653,2,2020-09-05 16:52:00 
41976,1114,2,2020-09-05 16:52:00 
76166,4392,5,2020-09-05 16:52:00 
31623,1062,3,2020-09-05 16:52:00 
30960,496,1,2020-09-05 16:52:00 
85952,3339,3,2020-09-05 16:52:00 
52948,3654,2,2020-09-05 16:52:00 
44154,2683,4,2020-09-05 16:52:00 
68618,3999,5,2020-09-05 16:52:00 
45340,146,2,2020-09-05 16:53:00 
38946,3725,3,2020-09-05 16:53:00 
81467,3078,2,2020-09-05 16:53:00 
46476,863,1,2020-09-05 16:53:00 
88690,4840,1,2020-09-05 16:53:00 
18707,2516,4,2020-09-05 16:53:00 
27940,2130,4,2020-09-05 16:53:00 
13471,3238,3,2020-09-05 16:53:00 
32720,2008,1,2020-09-05 16:53:00 
42809,3116,4,2020-09-05 16:53:00 
28936,797,2,2020-09-05 16:53:00 
56689,3291,3,2020-09-05 16:53:00 
41311,4073,1,2020-09-05 16:53:00 
3485,1233,3,2020-09-05 16:53:00 
57987,738,5,2020-09-05 16:53:00 
44406,3454,1,2020-09-05 16:53:00 
37108,566,2,2020-09-05 16:53:00 
38622,3389,2,2020-09-05 16:53:00 
42490,1134,3,2020-09-05 16:53:00 
14679,2237,1,2020-09-05 16:53:00 
89368,802,4,2020-09-05 16:53:00 
12096,888,3,2020-09-05 16:53:00 
2533,579,5,2020-09-05 16:53:00 
43212,560,2,2020-09-05 16:53:00 
43364,2988,3,2020-09-05 16:53:00 
32558,1214,1,2020-09-05 16:53:00 
72327,3701,4,2020-09-05 16:53:00 
18846,4430,4,2020-09-05 16:53:00 
3746,4114,1,2020-09-05 16:53:00 
69854,4416,5,2020-09-05 16:53:00 
7475,2237,5,2020-09-05 16:53:00 
55736,1767,2,2020-09-05 16:53:00 
16069,4415,2,2020-09-05 16:53:00 
59932,1086,2,2020-09-05 16:53:00 
23511,2778,4,2020-09-05 16:53:00 
87074,1188,2,2020-09-05 16:53:00 
70536,527,3,2020-09-05 16:53:00 
54019,2549,1,2020-09-05 16:53:00 
37448,2570,1,2020-09-05 16:53:00 
10906,2341,5,2020-09-05 16:53:00 
52983,2310,1,2020-09-05 16:53:00 
38320,2909,1,2020-09-05 16:53:00 
21154,2570,5,2020-09-05 16:53:00 
64981,1510,2,2020-09-05 16:53:00 
19861,4635,3,2020-09-05 16:53:00 
76822,1711,4,2020-09-05 16:53:00 
33655,1095,4,2020-09-05 16:53:00 
64820,1119,5,2020-09-05 16:53:00 
20727,927,1,2020-09-05 16:53:00 
52917,90,1,2020-09-05 16:53:00 
28612,1513,1,2020-09-05 16:53:00 
82086,280,5,2020-09-05 16:53:00 
7192,143,2,2020-09-05 16:53:00 
73390,1784,2,2020-09-05 16:53:00 
58921,3009,1,2020-09-05 16:53:00 
50098,176,1,2020-09-05 16:53:00 
24065,897,1,2020-09-05 16:53:00 
89511,4683,5,2020-09-05 16:53:00 
24859,3593,4,2020-09-05 16:53:00 
68052,3189,5,2020-09-05 16:53:00 
20882,562,3,2020-09-05 16:54:00 
58573,1173,4,2020-09-05 16:54:00 
17505,1611,4,2020-09-05 16:54:00 
57262,4028,4,2020-09-05 16:54:00 
71132,4710,3,2020-09-05 16:54:00 
16593,3195,3,2020-09-05 16:54:00 
73347,612,2,2020-09-05 16:54:00 
40916,4622,1,2020-09-05 16:54:00 
88373,1318,3,2020-09-05 16:54:00 
72057,3955,3,2020-09-05 16:54:00 
26399,2011,2,2020-09-05 16:54:00 
64719,4986,4,2020-09-05 16:54:00 
35365,879,5,2020-09-05 16:54:00 
55050,2062,5,2020-09-05 16:54:00 
52938,3339,2,2020-09-05 16:54:00 
74608,1503,1,2020-09-05 16:54:00 
58212,3978,2,2020-09-05 16:54:00 
60954,1250,1,2020-09-05 16:54:00 
19489,973,1,2020-09-05 16:54:00 
6072,1251,3,2020-09-05 16:54:00 
22452,4383,2,2020-09-05 16:54:00 
54649,1769,2,2020-09-05 16:54:00 
51992,1503,2,2020-09-05 16:54:00 
48892,3973,2,2020-09-05 16:54:00 
61971,1536,5,2020-09-05 16:54:00 
14048,2398,5,2020-09-05 16:54:00 
86082,1454,1,2020-09-05 16:54:00 
6961,1118,3,2020-09-05 16:54:00 
40084,3481,2,2020-09-05 16:54:00 
17668,438,1,2020-09-05 16:54:00 
50475,1363,4,2020-09-05 16:54:00 
69374,2499,2,2020-09-05 16:54:00 
83329,2430,3,2020-09-05 16:54:00 
12652,2763,3,2020-09-05 16:54:00 
27787,4263,3,2020-09-05 16:54:00 
75574,280,2,2020-09-05 16:54:00 
78375,3036,2,2020-09-05 16:54:00 
40535,1765,3,2020-09-05 16:54:00 
55060,2910,4,2020-09-05 16:54:00 
55502,3719,3,2020-09-05 16:54:00 
4808,3128,3,2020-09-05 16:54:00 
67852,2316,3,2020-09-05 16:54:00 
76025,2649,3,2020-09-05 16:54:00 
42816,1823,1,2020-09-05 16:54:00 
35779,4740,4,2020-09-05 16:54:00 
57957,3924,3,2020-09-05 16:54:00 
75549,3432,3,2020-09-05 16:54:00 
40890,4457,5,2020-09-05 16:54:00 
72372,2633,2,2020-09-05 16:54:00 
84832,3459,1,2020-09-05 16:54:00 
83697,3709,1,2020-09-05 16:54:00 
27593,4250,2,2020-09-05 16:54:00 
7688,1455,1,2020-09-05 16:54:00 
37356,3174,4,2020-09-05 16:54:00 
40272,227,5,2020-09-05 16:54:00 
84934,4644,5,2020-09-05 16:54:00 
33733,212,3,2020-09-05 16:54:00 
82453,3439,4,2020-09-05 16:54:00 
56840,1619,1,2020-09-05 16:54:00 
79739,900,3,2020-09-05 16:54:00 
2487,2172,4,2020-09-05 16:55:00 
31174,2645,1,2020-09-05 16:55:00 
10584,1561,4,2020-09-05 16:55:00 
23629,3454,4,2020-09-05 16:55:00 
87551,769,3,2020-09-05 16:55:00 
62945,2011,1,2020-09-05 16:55:00 
44837,2869,1,2020-09-05 16:55:00 
26428,3602,4,2020-09-05 16:55:00 
80827,1511,5,2020-09-05 16:55:00 
64690,196,4,2020-09-05 16:55:00 
54429,3649,2,2020-09-05 16:55:00 
11877,1243,1,2020-09-05 16:55:00 
87986,90,5,2020-09-05 16:55:00 
12525,432,2,2020-09-05 16:55:00 
41187,4622,4,2020-09-05 16:55:00 
67706,2679,1,2020-09-05 16:55:00 
88362,755,2,2020-09-05 16:55:00 
4774,4752,2,2020-09-05 16:55:00 
7601,4323,1,2020-09-05 16:55:00 
18703,4330,5,2020-09-05 16:55:00 
60215,527,1,2020-09-05 16:55:00 
9427,2016,3,2020-09-05 16:55:00 
72232,3537,2,2020-09-05 16:55:00 
25669,4383,1,2020-09-05 16:55:00 
32346,3776,5,2020-09-05 16:55:00 
40498,3490,3,2020-09-05 16:55:00 
49801,2741,5,2020-09-05 16:55:00 
2387,2892,2,2020-09-05 16:55:00 
24979,2262,4,2020-09-05 16:55:00 
8933,3423,2,2020-09-05 16:55:00 
46027,3339,3,2020-09-05 16:55:00 
9302,2097,5,2020-09-05 16:55:00 
29079,176,5,2020-09-05 16:55:00 
37528,709,2,2020-09-05 16:55:00 
3968,91,2,2020-09-05 16:55:00 
6189,3278,5,2020-09-05 16:55:00 
22452,528,2,2020-09-05 16:55:00 
60233,4297,1,2020-09-05 16:55:00 
4365,704,3,2020-09-05 16:55:00 
69321,637,2,2020-09-05 16:55:00 
86355,366,1,2020-09-05 16:55:00 
57310,4058,3,2020-09-05 16:55:00 
9993,3661,3,2020-09-05 16:55:00 
71817,863,2,2020-09-05 16:55:00 
69412,3444,4,2020-09-05 16:55:00 
20129,2828,5,2020-09-05 16:55:00 
80731,4728,3,2020-09-05 16:55:00 
52176,4726,1,2020-09-05 16:55:00 
17205,3847,4,2020-09-05 16:55:00 
25653,727,4,2020-09-05 16:55:00 
49759,4065,3,2020-09-05 16:55:00 
29373,2259,3,2020-09-05 16:55:00 
40091,2279,5,2020-09-05 16:55:00 
11386,2097,5,2020-09-05 16:55:00 
10952,1750,2,2020-09-05 16:55:00 
50104,3991,4,2020-09-05 16:55:00 
23969,2958,4,2020-09-05 16:55:00 
43702,252,5,2020-09-05 16:55:00 
75751,4726,4,2020-09-05 16:55:00 
87335,3290,4,2020-09-05 16:55:00 
74635,2649,5,2020-09-05 16:56:00 
58518,1708,3,2020-09-05 16:56:00 
56872,1958,5,2020-09-05 16:56:00 
61987,951,3,2020-09-05 16:56:00 
74839,2289,3,2020-09-05 16:56:00 
68652,3618,5,2020-09-05 16:56:00 
63102,1784,1,2020-09-05 16:56:00 
58863,445,1,2020-09-05 16:56:00 
85531,4418,5,2020-09-05 16:56:00 
6694,426,4,2020-09-05 16:56:00 
13708,3649,1,2020-09-05 16:56:00 
60071,2576,5,2020-09-05 16:56:00 
11135,3600,2,2020-09-05 16:56:00 
12823,3004,1,2020-09-05 16:56:00 
4713,2559,3,2020-09-05 16:56:00 
69831,2061,5,2020-09-05 16:56:00 
64187,1453,1,2020-09-05 16:56:00 
25733,3745,1,2020-09-05 16:56:00 
72787,532,4,2020-09-05 16:56:00 
25972,1848,2,2020-09-05 16:56:00 
31009,2198,1,2020-09-05 16:56:00 
60135,2005,5,2020-09-05 16:56:00 
26246,1289,4,2020-09-05 16:56:00 
24501,3019,3,2020-09-05 16:56:00 
24658,1040,5,2020-09-05 16:56:00 
73199,532,2,2020-09-05 16:56:00 
34433,1062,2,2020-09-05 16:56:00 
31750,2070,5,2020-09-05 16:56:00 
66218,2443,4,2020-09-05 16:56:00 
35153,2095,4,2020-09-05 16:56:00 
19824,1638,3,2020-09-05 16:56:00 
89157,301,3,2020-09-05 16:56:00 
6237,1135,1,2020-09-05 16:56:00 
86811,4633,2,2020-09-05 16:56:00 
81398,2417,1,2020-09-05 16:56:00 
27166,3228,1,2020-09-05 16:56:00 
44229,1340,1,2020-09-05 16:56:00 
44443,334,4,2020-09-05 16:56:00 
47064,1903,3,2020-09-05 16:56:00 
60415,4908,4,2020-09-05 16:56:00 
15345,314,4,2020-09-05 16:56:00 
75334,908,3,2020-09-05 16:56:00 
54841,1729,2,2020-09-05 16:56:00 
58086,1617,3,2020-09-05 16:56:00 
89554,4457,1,2020-09-05 16:56:00 
5435,446,4,2020-09-05 16:56:00 
3204,881,3,2020-09-05 16:56:00 
3578,4660,1,2020-09-05 16:56:00 
47489,3856,3,2020-09-05 16:56:00 
5956,1527,1,2020-09-05 16:56:00 
49881,1769,1,2020-09-05 16:56:00 
12230,3494,1,2020-09-05 16:56:00 
85589,500,2,2020-09-05 16:56:00 
88851,4662,1,2020-09-05 16:56:00 
3390,2012,3,2020-09-05 16:56:00 
46038,3566,4,2020-09-05 16:56:00 
53045,2618,3,2020-09-05 16:56:00 
55803,1048,1,2020-09-05 16:56:00 
34362,2892,1,2020-09-05 16:56:00 
3120,3095,5,2020-09-05 16:56:00 
83757,1073,3,2020-09-05 16:57:00 
83941,680,1,2020-09-05 16:57:00 
85011,3976,2,2020-09-05 16:57:00 
5184,1555,3,2020-09-05 16:57:00 
63556,4865,1,2020-09-05 16:57:00 
48200,1956,3,2020-09-05 16:57:00 
69923,1320,1,2020-09-05 16:57:00 
60231,1393,2,2020-09-05 16:57:00 
62400,640,3,2020-09-05 16:57:00 
29534,3327,4,2020-09-05 16:57:00 
52764,4392,2,2020-09-05 16:57:00 
7156,3136,4,2020-09-05 16:57:00 
50796,2924,4,2020-09-05 16:57:00 
80871,2517,4,2020-09-05 16:57:00 
24792,3654,5,2020-09-05 16:57:00 
85882,1092,1,2020-09-05 16:57:00 
85475,1112,1,2020-09-05 16:57:00 
2529,1727,2,2020-09-05 16:57:00 
54345,3089,2,2020-09-05 16:57:00 
44005,3441,1,2020-09-05 16:57:00 
38957,797,2,2020-09-05 16:57:00 
32762,1168,2,2020-09-05 16:57:00 
33263,3101,5,2020-09-05 16:57:00 
65392,3459,4,2020-09-05 16:57:00 
57475,2287,3,2020-09-05 16:57:00 
58455,1818,3,2020-09-05 16:57:00 
30676,4475,4,2020-09-05 16:57:00 
56467,574,1,2020-09-05 16:57:00 
47806,1824,4,2020-09-05 16:57:00 
32526,2828,4,2020-09-05 16:57:00 
85901,4726,3,2020-09-05 16:57:00 
22160,4743,4,2020-09-05 16:57:00 
39051,727,4,2020-09-05 16:57:00 
8315,4687,1,2020-09-05 16:57:00 
50543,3128,4,2020-09-05 16:57:00 
79848,1824,2,2020-09-05 16:57:00 
68862,2579,4,2020-09-05 16:57:00 
70886,3672,1,2020-09-05 16:57:00 
13210,4349,3,2020-09-05 16:57:00 
82316,570,2,2020-09-05 16:57:00 
68011,3014,4,2020-09-05 16:57:00 
44140,4317,5,2020-09-05 16:57:00 
15682,506,3,2020-09-05 16:57:00 
4610,2079,1,2020-09-05 16:57:00 
17932,1363,1,2020-09-05 16:57:00 
26105,2015,3,2020-09-05 16:57:00 
47159,3861,4,2020-09-05 16:57:00 
70672,2876,1,2020-09-05 16:57:00 
5287,2397,5,2020-09-05 16:57:00 
17616,496,4,2020-09-05 16:57:00 
65948,716,3,2020-09-05 16:57:00 
60386,2159,3,2020-09-05 16:57:00 
85258,1002,3,2020-09-05 16:57:00 
76737,881,1,2020-09-05 16:57:00 
61543,314,2,2020-09-05 16:57:00 
38952,3494,3,2020-09-05 16:57:00 
71676,3271,2,2020-09-05 16:57:00 
24627,1118,2,2020-09-05 16:57:00 
89750,1912,4,2020-09-05 16:57:00 
65216,3832,2,2020-09-05 16:57:00 
20491,1456,5,2020-09-05 16:58:00 
26204,1888,5,2020-09-05 16:58:00 
18717,4803,3,2020-09-05 16:58:00 
24772,3625,4,2020-09-05 16:58:00 
48020,1755,2,2020-09-05 16:58:00 
72079,2377,2,2020-09-05 16:58:00 
86314,3121,3,2020-09-05 16:58:00 
59101,1665,1,2020-09-05 16:58:00 
85638,150,5,2020-09-05 16:58:00 
2881,2613,2,2020-09-05 16:58:00 
46608,1640,1,2020-09-05 16:58:00 
10021,1320,3,2020-09-05 16:58:00 
46361,4307,3,2020-09-05 16:58:00 
63022,3537,5,2020-09-05 16:58:00 
76259,4455,3,2020-09-05 16:58:00 
69747,3791,3,2020-09-05 16:58:00 
67491,3198,4,2020-09-05 16:58:00 
69037,1795,5,2020-09-05 16:58:00 
78183,2020,3,2020-09-05 16:58:00 
25962,4640,2,2020-09-05 16:58:00 
2527,4173,4,2020-09-05 16:58:00 
49020,2314,4,2020-09-05 16:58:00 
73892,1205,3,2020-09-05 16:58:00 
16413,1866,5,2020-09-05 16:58:00 
21827,4954,4,2020-09-05 16:58:00 
2723,2768,1,2020-09-05 16:58:00 
49098,1843,3,2020-09-05 16:58:00 
7765,1539,4,2020-09-05 16:58:00 
3172,1513,3,2020-09-05 16:58:00 
38334,4217,5,2020-09-05 16:58:00 
35744,1845,4,2020-09-05 16:58:00 
9401,3404,2,2020-09-05 16:58:00 
31735,1380,1,2020-09-05 16:58:00 
2619,167,4,2020-09-05 16:58:00 
77074,3709,2,2020-09-05 16:58:00 
76329,2876,4,2020-09-05 16:58:00 
16239,3441,1,2020-09-05 16:58:00 
16721,3554,5,2020-09-05 16:58:00 
41611,3496,5,2020-09-05 16:58:00 
78480,4432,3,2020-09-05 16:58:00 
14722,3271,2,2020-09-05 16:58:00 
67496,4079,4,2020-09-05 16:58:00 
1137,2483,5,2020-09-05 16:58:00 
6984,70,5,2020-09-05 16:58:00 
73292,2309,3,2020-09-05 16:58:00 
39935,1826,2,2020-09-05 16:58:00 
63506,895,5,2020-09-05 16:58:00 
1356,1204,2,2020-09-05 16:58:00 
26036,4433,5,2020-09-05 16:58:00 
21937,4466,5,2020-09-05 16:58:00 
12594,2257,4,2020-09-05 16:58:00 
11474,2901,3,2020-09-05 16:58:00 
11959,1735,1,2020-09-05 16:58:00 
25516,973,2,2020-09-05 16:58:00 
68364,4383,2,2020-09-05 16:58:00 
58731,1594,4,2020-09-05 16:58:00 
43673,1112,3,2020-09-05 16:58:00 
76787,3569,1,2020-09-05 16:58:00 
20742,709,1,2020-09-05 16:58:00 
333,2824,1,2020-09-05 16:58:00 
26410,1745,1,2020-09-05 16:59:00 
59903,1665,5,2020-09-05 16:59:00 
24794,2409,2,2020-09-05 16:59:00 
28277,80,3,2020-09-05 16:59:00 
85361,2122,2,2020-09-05 16:59:00 
23399,1436,4,2020-09-05 16:59:00 
3109,1717,3,2020-09-05 16:59:00 
86023,4475,4,2020-09-05 16:59:00 
41322,764,1,2020-09-05 16:59:00 
50352,2872,3,2020-09-05 16:59:00 
32228,3459,4,2020-09-05 16:59:00 
41840,2824,3,2020-09-05 16:59:00 
48955,111,5,2020-09-05 16:59:00 
11577,1765,2,2020-09-05 16:59:00 
70385,4787,4,2020-09-05 16:59:00 
12625,3210,5,2020-09-05 16:59:00 
71555,1513,2,2020-09-05 16:59:00 
30179,4908,2,2020-09-05 16:59:00 
4853,3865,3,2020-09-05 16:59:00 
19524,1667,3,2020-09-05 16:59:00 
13962,447,4,2020-09-05 16:59:00 
73032,3917,4,2020-09-05 16:59:00 
60379,1755,2,2020-09-05 16:59:00 
89949,2982,5,2020-09-05 16:59:00 
77255,474,1,2020-09-05 16:59:00 
17771,3041,2,2020-09-05 16:59:00 
71422,3892,4,2020-09-05 16:59:00 
60264,3698,5,2020-09-05 16:59:00 
68619,2523,3,2020-09-05 16:59:00 
47397,1814,2,2020-09-05 16:59:00 
82992,1864,3,2020-09-05 16:59:00 
5987,2817,1,2020-09-05 16:59:00 
12385,58,4,2020-09-05 16:59:00 
39464,3461,1,2020-09-05 16:59:00 
48919,3602,5,2020-09-05 16:59:00 
32274,3443,2,2020-09-05 16:59:00 
9475,2256,1,2020-09-05 16:59:00 
47764,4488,4,2020-09-05 16:59:00 
54481,164,1,2020-09-05 16:59:00 
54214,2684,1,2020-09-05 16:59:00 
14293,3386,3,2020-09-05 16:59:00 
65569,3639,2,2020-09-05 16:59:00 
55125,1319,5,2020-09-05 16:59:00 
72970,1621,4,2020-09-05 16:59:00 
22973,3470,4,2020-09-05 16:59:00 
54435,4139,5,2020-09-05 16:59:00 
23408,4307,2,2020-09-05 16:59:00 
80291,1469,2,2020-09-05 16:59:00 
58690,2420,2,2020-09-05 16:59:00 
87469,3490,3,2020-09-05 16:59:00 
44666,1183,3,2020-09-05 16:59:00 
84423,1168,3,2020-09-05 16:59:00 
6743,215,4,2020-09-05 16:59:00 
61398,4418,5,2020-09-05 16:59:00 
10146,4610,4,2020-09-05 16:59:00 
89742,2176,1,2020-09-05 16:59:00 
39837,2128,5,2020-09-05 16:59:00 
77869,4329,1,2020-09-05 16:59:00 
25354,4455,1,2020-09-05 16:59:00 
55780,4337,4,2020-09-05 16:59:00 
69869,2159,1,2020-09-05 17:00:00 
55486,58,4,2020-09-05 17:00:00 
74458,3625,4,2020-09-05 17:00:00 
63418,657,3,2020-09-05 17:00:00 
45091,2008,4,2020-09-05 17:00:00 
56685,215,1,2020-09-05 17:00:00 
51109,3189,2,2020-09-05 17:00:00 
21407,2062,1,2020-09-05 17:00:00 
80480,4986,5,2020-09-05 17:00:00 
68870,4365,4,2020-09-05 17:00:00 
30731,1118,3,2020-09-05 17:00:00 
28904,75,4,2020-09-05 17:00:00 
35149,3976,1,2020-09-05 17:00:00 
29450,4341,2,2020-09-05 17:00:00 
78770,715,1,2020-09-05 17:00:00 
3482,4213,4,2020-09-05 17:00:00 
17268,3335,4,2020-09-05 17:00:00 
77296,4420,5,2020-09-05 17:00:00 
40525,2641,5,2020-09-05 17:00:00 
66628,4214,5,2020-09-05 17:00:00 
64915,4688,2,2020-09-05 17:00:00 
31416,3911,5,2020-09-05 17:00:00 
26575,2446,4,2020-09-05 17:00:00 
34452,3527,5,2020-09-05 17:00:00 
54013,3635,5,2020-09-05 17:00:00 
70944,426,2,2020-09-05 17:00:00 
32968,4152,5,2020-09-05 17:00:00 
26157,3682,2,2020-09-05 17:00:00 
53262,3712,2,2020-09-05 17:00:00 
15569,3539,4,2020-09-05 17:00:00 
21287,3757,1,2020-09-05 17:00:00 
17888,3577,1,2020-09-05 17:00:00 
37349,2561,4,2020-09-05 17:00:00 
12341,858,4,2020-09-05 17:00:00 
71896,3681,2,2020-09-05 17:00:00 
83425,145,5,2020-09-05 17:00:00 
50174,2372,5,2020-09-05 17:00:00 
1708,3939,4,2020-09-05 17:00:00 
17141,3030,3,2020-09-05 17:00:00 
81585,2228,3,2020-09-05 17:00:00 
89352,1814,2,2020-09-05 17:00:00 
74950,1956,4,2020-09-05 17:00:00 
43311,2691,1,2020-09-05 17:00:00 
77689,2821,5,2020-09-05 17:00:00 
7560,3331,4,2020-09-05 17:00:00 
34782,434,3,2020-09-05 17:00:00 
89509,1026,5,2020-09-05 17:00:00 
20547,3308,2,2020-09-05 17:00:00 
74809,4352,5,2020-09-05 17:00:00 
39363,994,4,2020-09-05 17:00:00 
86682,3325,1,2020-09-05 17:00:00 
64804,4009,1,2020-09-05 17:00:00 
48691,113,5,2020-09-05 17:00:00 
78695,3089,1,2020-09-05 17:00:00 
9323,1763,1,2020-09-05 17:00:00 
2648,1494,3,2020-09-05 17:00:00 
17951,2797,4,2020-09-05 17:00:00 
7091,93,1,2020-09-05 17:00:00 
17175,58,1,2020-09-05 17:00:00 
7988,1535,5,2020-09-05 17:00:00 
87569,3451,4,2020-09-05 17:01:00 
25244,4337,1,2020-09-05 17:01:00 
394,321,4,2020-09-05 17:01:00 
6231,4797,5,2020-09-05 17:01:00 
61657,4091,4,2020-09-05 17:01:00 
47305,3210,3,2020-09-05 17:01:00 
8496,1907,5,2020-09-05 17:01:00 
71771,1774,5,2020-09-05 17:01:00 
73078,3036,2,2020-09-05 17:01:00 
46974,3841,1,2020-09-05 17:01:00 
19053,2690,3,2020-09-05 17:01:00 
78377,3210,2,2020-09-05 17:01:00 
46024,1789,5,2020-09-05 17:01:00 
88720,2613,2,2020-09-05 17:01:00 
6008,1846,5,2020-09-05 17:01:00 
80196,2002,4,2020-09-05 17:01:00 
8458,4876,2,2020-09-05 17:01:00 
89114,560,4,2020-09-05 17:01:00 
87647,1590,3,2020-09-05 17:01:00 
59946,810,1,2020-09-05 17:01:00 
44177,2214,5,2020-09-05 17:01:00 
18677,3101,5,2020-09-05 17:01:00 
24737,1539,3,2020-09-05 17:01:00 
3961,2732,4,2020-09-05 17:01:00 
37276,1268,5,2020-09-05 17:01:00 
16343,4743,1,2020-09-05 17:01:00 
39395,2619,2,2020-09-05 17:01:00 
5532,1228,1,2020-09-05 17:01:00 
28924,2287,2,2020-09-05 17:01:00 
60026,2669,1,2020-09-05 17:01:00 
14842,4974,1,2020-09-05 17:01:00 
58969,3913,5,2020-09-05 17:01:00 
17272,4270,2,2020-09-05 17:01:00 
52619,540,3,2020-09-05 17:01:00 
50501,1863,3,2020-09-05 17:01:00 
83394,196,3,2020-09-05 17:01:00 
20311,3832,3,2020-09-05 17:01:00 
85816,4606,1,2020-09-05 17:01:00 
56133,3832,5,2020-09-05 17:01:00 
37876,986,3,2020-09-05 17:01:00 
24025,176,3,2020-09-05 17:01:00 
78822,57,4,2020-09-05 17:01:00 
50471,2797,4,2020-09-05 17:01:00 
79923,4701,1,2020-09-05 17:01:00 
53363,3976,1,2020-09-05 17:01:00 
26437,294,1,2020-09-05 17:01:00 
10986,4216,2,2020-09-05 17:01:00 
42647,1453,4,2020-09-05 17:01:00 
54034,937,3,2020-09-05 17:01:00 
27311,387,1,2020-09-05 17:01:00 
3490,2732,4,2020-09-05 17:01:00 
41231,1179,3,2020-09-05 17:01:00 
16789,565,4,2020-09-05 17:01:00 
16990,1461,4,2020-09-05 17:01:00 
89011,296,1,2020-09-05 17:01:00 
12026,4432,5,2020-09-05 17:01:00 
8845,1456,1,2020-09-05 17:01:00 
45648,3569,2,2020-09-05 17:01:00 
45257,4392,4,2020-09-05 17:01:00 
27879,449,1,2020-09-05 17:01:00 
7192,3573,2,2020-09-05 17:02:00 
27440,2740,3,2020-09-05 17:02:00 
9055,4404,4,2020-09-05 17:02:00 
18273,1784,5,2020-09-05 17:02:00 
63524,1729,1,2020-09-05 17:02:00 
48690,680,3,2020-09-05 17:02:00 
22156,3273,2,2020-09-05 17:02:00 
12008,1304,5,2020-09-05 17:02:00 
14400,2061,5,2020-09-05 17:02:00 
26502,1205,1,2020-09-05 17:02:00 
45707,1482,1,2020-09-05 17:02:00 
56329,2296,2,2020-09-05 17:02:00 
54053,2812,1,2020-09-05 17:02:00 
88196,1126,3,2020-09-05 17:02:00 
58112,2535,1,2020-09-05 17:02:00 
31121,1026,3,2020-09-05 17:02:00 
62933,2178,2,2020-09-05 17:02:00 
956,3654,2,2020-09-05 17:02:00 
35933,858,5,2020-09-05 17:02:00 
65600,1952,1,2020-09-05 17:02:00 
63852,3004,1,2020-09-05 17:02:00 
8051,3627,2,2020-09-05 17:02:00 
51334,1641,4,2020-09-05 17:02:00 
30197,4712,5,2020-09-05 17:02:00 
13895,548,4,2020-09-05 17:02:00 
38819,1235,4,2020-09-05 17:02:00 
4938,2098,1,2020-09-05 17:02:00 
55265,473,5,2020-09-05 17:02:00 
32950,3957,5,2020-09-05 17:02:00 
69823,563,5,2020-09-05 17:02:00 
66222,3833,1,2020-09-05 17:02:00 
11776,648,3,2020-09-05 17:02:00 
47155,2377,2,2020-09-05 17:02:00 
6724,2741,3,2020-09-05 17:02:00 
39051,4844,4,2020-09-05 17:02:00 
84199,1449,1,2020-09-05 17:02:00 
71453,490,4,2020-09-05 17:02:00 
76645,2067,1,2020-09-05 17:02:00 
89844,1942,1,2020-09-05 17:02:00 
56469,994,3,2020-09-05 17:02:00 
17414,2483,5,2020-09-05 17:02:00 
37989,1770,5,2020-09-05 17:02:00 
3769,3037,5,2020-09-05 17:02:00 
20102,1811,4,2020-09-05 17:02:00 
37842,109,2,2020-09-05 17:02:00 
85138,2559,1,2020-09-05 17:02:00 
43826,2746,3,2020-09-05 17:02:00 
60024,1621,3,2020-09-05 17:02:00 
37171,1318,1,2020-09-05 17:02:00 
39531,3308,2,2020-09-05 17:02:00 
51280,2279,4,2020-09-05 17:02:00 
35788,1681,1,2020-09-05 17:02:00 
19357,4243,2,2020-09-05 17:02:00 
74025,3289,3,2020-09-05 17:02:00 
43000,3620,3,2020-09-05 17:02:00 
17550,973,5,2020-09-05 17:02:00 
22178,2909,3,2020-09-05 17:02:00 
89617,218,4,2020-09-05 17:02:00 
57818,3078,3,2020-09-05 17:02:00 
38264,1954,1,2020-09-05 17:02:00 
79388,4661,2,2020-09-05 17:03:00 
60307,509,1,2020-09-05 17:03:00 
10341,1101,3,2020-09-05 17:03:00 
83303,1235,2,2020-09-05 17:03:00 
55581,2188,1,2020-09-05 17:03:00 
26635,2869,2,2020-09-05 17:03:00 
3231,897,1,2020-09-05 17:03:00 
64293,3646,2,2020-09-05 17:03:00 
87141,314,4,2020-09-05 17:03:00 
6513,2873,5,2020-09-05 17:03:00 
46368,3630,4,2020-09-05 17:03:00 
29231,1015,4,2020-09-05 17:03:00 
5924,2731,5,2020-09-05 17:03:00 
44868,1040,5,2020-09-05 17:03:00 
44279,4168,3,2020-09-05 17:03:00 
6532,3143,2,2020-09-05 17:03:00 
28924,3008,3,2020-09-05 17:03:00 
23664,3036,5,2020-09-05 17:03:00 
47301,3326,5,2020-09-05 17:03:00 
73839,3143,5,2020-09-05 17:03:00 
46967,4387,1,2020-09-05 17:03:00 
26114,2989,5,2020-09-05 17:03:00 
65392,2170,3,2020-09-05 17:03:00 
20381,3580,1,2020-09-05 17:03:00 
39624,1318,5,2020-09-05 17:03:00 
2360,3089,1,2020-09-05 17:03:00 
41176,1119,3,2020-09-05 17:03:00 
63757,3391,2,2020-09-05 17:03:00 